Price,Close,High,Low,Open,Volume
Ticker,IR,IR,IR,IR,IR
Datetime,,,,,
2023-06-01 13:30:00+00:00,57.369998931884766,57.5,56.61000061035156,56.91999816894531,280249
2023-06-01 14:30:00+00:00,57.61000061035156,57.61000061035156,57.310001373291016,57.3849983215332,148828
2023-06-01 15:30:00+00:00,57.959999084472656,58.040000915527344,57.630001068115234,57.630001068115234,205281
2023-06-01 16:30:00+00:00,57.650001525878906,57.95000076293945,57.599998474121094,57.95000076293945,105979
2023-06-01 17:30:00+00:00,58.13999938964844,58.150001525878906,57.619998931884766,57.65999984741211,197163
2023-06-01 18:30:00+00:00,58.15999984741211,58.2599983215332,57.939998626708984,58.150001525878906,207586
2023-06-01 19:30:00+00:00,58.16999816894531,58.16999816894531,57.93000030517578,58.15999984741211,536910
2023-06-02 13:30:00+00:00,59.58000183105469,59.70000076293945,58.67499923706055,59.0,313621
2023-06-02 14:30:00+00:00,60.30500030517578,60.400001525878906,59.47999954223633,59.56999969482422,416423
2023-06-02 15:30:00+00:00,60.88999938964844,60.88999938964844,60.2400016784668,60.290000915527344,463665
2023-06-02 16:30:00+00:00,61.2400016784668,61.31999969482422,60.88999938964844,60.900001525878906,399611
2023-06-02 17:30:00+00:00,61.16999816894531,61.310001373291016,60.97999954223633,61.2599983215332,395124
2023-06-02 18:30:00+00:00,61.435001373291016,61.4900016784668,61.154998779296875,61.16999816894531,290970
2023-06-02 19:30:00+00:00,61.36000061035156,61.595001220703125,61.36000061035156,61.435001373291016,587381
2023-06-05 13:30:00+00:00,60.400001525878906,61.65999984741211,60.099998474121094,61.5,332860
2023-06-05 14:30:00+00:00,60.75,60.790000915527344,60.27000045776367,60.349998474121094,313552
2023-06-05 15:30:00+00:00,60.81999969482422,60.939998626708984,60.69499969482422,60.7599983215332,124571
2023-06-05 16:30:00+00:00,60.810001373291016,61.0099983215332,60.709999084472656,60.83000183105469,193233
2023-06-05 17:30:00+00:00,60.880001068115234,60.97999954223633,60.70000076293945,60.79999923706055,211153
2023-06-05 18:30:00+00:00,60.63970184326172,60.887298583984375,60.55009841918945,60.880001068115234,312798
2023-06-05 19:30:00+00:00,60.68000030517578,60.849998474121094,60.59000015258789,60.61000061035156,480587
2023-06-06 13:30:00+00:00,61.65999984741211,61.77000045776367,60.47999954223633,60.47999954223633,185914
2023-06-06 14:30:00+00:00,61.650001525878906,61.849998474121094,61.5,61.65999984741211,220491
2023-06-06 15:30:00+00:00,61.880001068115234,61.97999954223633,61.650001525878906,61.650001525878906,133636
2023-06-06 16:30:00+00:00,61.31999969482422,61.93000030517578,61.2400016784668,61.88999938964844,133645
2023-06-06 17:30:00+00:00,61.54999923706055,61.54999923706055,61.19990158081055,61.33000183105469,144720
2023-06-06 18:30:00+00:00,61.61000061035156,61.63999938964844,61.439998626708984,61.560001373291016,207170
2023-06-06 19:30:00+00:00,61.4900016784668,61.625,61.47999954223633,61.625,277157
2023-06-07 13:30:00+00:00,62.09000015258789,62.28969955444336,61.220001220703125,61.75,250434
2023-06-07 14:30:00+00:00,62.36000061035156,62.369998931884766,61.900001525878906,62.10820007324219,197976
2023-06-07 15:30:00+00:00,62.40999984741211,62.54999923706055,62.349998474121094,62.369998931884766,173254
2023-06-07 16:30:00+00:00,62.52000045776367,62.68000030517578,62.29999923706055,62.40999984741211,115366
2023-06-07 17:30:00+00:00,62.51499938964844,62.619998931884766,62.310001373291016,62.48749923706055,126376
2023-06-07 18:30:00+00:00,62.65999984741211,62.720001220703125,62.369998931884766,62.529998779296875,186383
2023-06-07 19:30:00+00:00,62.709999084472656,62.810001373291016,62.56999969482422,62.650001525878906,317163
2023-06-08 13:30:00+00:00,62.31999969482422,62.7599983215332,62.22010040283203,62.619998931884766,192543
2023-06-08 14:30:00+00:00,62.665000915527344,62.665000915527344,62.33000183105469,62.33000183105469,117850
2023-06-08 15:30:00+00:00,62.7599983215332,62.77980041503906,62.54999923706055,62.68000030517578,118033
2023-06-08 16:30:00+00:00,62.59000015258789,62.7599983215332,62.56999969482422,62.7400016784668,53630
2023-06-08 17:30:00+00:00,62.84000015258789,62.849998474121094,62.59000015258789,62.60499954223633,91761
2023-06-08 18:30:00+00:00,62.720001220703125,62.91999816894531,62.65999984741211,62.85499954223633,123472
2023-06-08 19:30:00+00:00,62.77000045776367,62.779998779296875,62.602500915527344,62.720001220703125,317690
2023-06-09 13:30:00+00:00,62.54999923706055,63.0,62.5,63.0,141506
2023-06-09 14:30:00+00:00,62.201499938964844,62.66999816894531,62.18000030517578,62.540000915527344,136285
2023-06-09 15:30:00+00:00,62.209999084472656,62.369998931884766,61.97999954223633,62.20000076293945,174719
2023-06-09 16:30:00+00:00,62.47999954223633,62.47999954223633,62.119998931884766,62.209999084472656,76690
2023-06-09 17:30:00+00:00,62.400001525878906,62.5,62.255001068115234,62.470001220703125,158214
2023-06-09 18:30:00+00:00,62.44499969482422,62.52000045776367,62.369998931884766,62.40999984741211,135820
2023-06-09 19:30:00+00:00,62.459999084472656,62.52000045776367,62.3849983215332,62.45000076293945,184420
2023-06-12 13:30:00+00:00,62.459999084472656,62.599998474121094,61.93000030517578,62.27000045776367,187858
2023-06-12 14:30:00+00:00,62.81999969482422,62.81999969482422,62.33000183105469,62.43000030517578,178293
2023-06-12 15:30:00+00:00,62.779998779296875,62.970001220703125,62.72999954223633,62.83000183105469,120960
2023-06-12 16:30:00+00:00,62.88999938964844,62.96500015258789,62.75,62.77000045776367,133657
2023-06-12 17:30:00+00:00,62.970001220703125,63.119998931884766,62.790000915527344,62.88999938964844,233252
2023-06-12 18:30:00+00:00,63.0,63.03499984741211,62.755001068115234,62.97999954223633,277372
2023-06-12 19:30:00+00:00,62.83000183105469,63.11000061035156,62.779998779296875,63.0,300363
2023-06-13 13:30:00+00:00,64.04000091552734,64.05999755859375,62.88999938964844,62.88999938964844,264641
2023-06-13 14:30:00+00:00,63.900001525878906,64.06999969482422,63.742000579833984,64.05000305175781,163873
2023-06-13 15:30:00+00:00,64.06999969482422,64.0999984741211,63.689998626708984,63.939998626708984,157815
2023-06-13 16:30:00+00:00,64.04000091552734,64.18000030517578,63.849998474121094,64.05000305175781,213446
2023-06-13 17:30:00+00:00,63.90999984741211,64.06999969482422,63.869998931884766,64.04000091552734,147044
2023-06-13 18:30:00+00:00,64.0999984741211,64.19999694824219,63.79499816894531,63.90999984741211,176214
2023-06-13 19:30:00+00:00,64.12999725341797,64.1500015258789,63.97999954223633,64.11000061035156,357400
2023-06-14 13:30:00+00:00,64.06500244140625,64.4000015258789,63.900001525878906,64.37999725341797,208892
2023-06-14 14:30:00+00:00,64.25060272216797,64.32499694824219,63.80379867553711,64.06999969482422,138314
2023-06-14 15:30:00+00:00,64.20999908447266,64.3499984741211,64.11000061035156,64.26000213623047,96936
2023-06-14 16:30:00+00:00,64.33000183105469,64.38500213623047,64.18000030517578,64.21499633789062,138600
2023-06-14 17:30:00+00:00,63.900001525878906,64.43000030517578,63.720001220703125,64.33000183105469,230862
2023-06-14 18:30:00+00:00,64.12000274658203,64.44999694824219,63.79999923706055,63.90999984741211,212749
2023-06-14 19:30:00+00:00,64.13999938964844,64.16999816894531,63.849998474121094,64.04000091552734,254239
2023-06-15 13:30:00+00:00,64.0999984741211,64.43000030517578,63.720001220703125,63.869998931884766,151038
2023-06-15 14:30:00+00:00,64.4000015258789,64.41000366210938,63.84000015258789,64.11000061035156,100457
2023-06-15 15:30:00+00:00,64.63999938964844,64.66000366210938,64.18000030517578,64.38999938964844,129785
2023-06-15 16:30:00+00:00,64.52999877929688,64.73500061035156,64.48999786376953,64.63099670410156,152020
2023-06-15 17:30:00+00:00,64.3949966430664,64.62999725341797,64.36000061035156,64.52999877929688,149055
2023-06-15 18:30:00+00:00,64.75,64.86000061035156,64.4000015258789,64.4000015258789,207904
2023-06-15 19:30:00+00:00,64.72000122070312,64.7699966430664,64.55000305175781,64.75,372894
2023-06-16 13:30:00+00:00,64.66999816894531,65.24400329589844,64.29000091552734,65.0,675199
2023-06-16 14:30:00+00:00,64.0999984741211,64.7300033569336,64.04000091552734,64.66999816894531,166664
2023-06-16 15:30:00+00:00,64.48999786376953,64.48999786376953,64.13500213623047,64.13500213623047,185072
2023-06-16 16:30:00+00:00,64.41999816894531,64.69999694824219,64.37999725341797,64.5,147869
2023-06-16 17:30:00+00:00,64.44000244140625,64.44999694824219,64.33000183105469,64.41999816894531,269140
2023-06-16 18:30:00+00:00,64.28500366210938,64.43000030517578,64.13999938964844,64.43000030517578,436172
2023-06-16 19:30:00+00:00,64.48999786376953,64.5999984741211,64.1500015258789,64.27999877929688,673808
2023-06-20 13:30:00+00:00,63.650001525878906,64.26000213623047,63.4900016784668,63.81999969482422,246851
2023-06-20 14:30:00+00:00,63.720001220703125,63.83000183105469,63.540000915527344,63.64500045776367,186462
2023-06-20 15:30:00+00:00,64.1500015258789,64.25,63.724998474121094,63.72999954223633,137146
2023-06-20 16:30:00+00:00,64.30000305175781,64.36000061035156,64.12999725341797,64.13999938964844,112495
2023-06-20 17:30:00+00:00,64.375,64.38999938964844,64.23999786376953,64.27999877929688,136036
2023-06-20 18:30:00+00:00,64.21499633789062,64.37000274658203,64.19499969482422,64.36000061035156,201151
2023-06-20 19:30:00+00:00,64.12999725341797,64.37999725341797,64.11000061035156,64.22000122070312,580447
2023-06-21 13:30:00+00:00,64.61000061035156,64.66000366210938,63.439998626708984,63.779998779296875,340798
2023-06-21 14:30:00+00:00,64.36000061035156,64.70999908447266,64.1449966430664,64.63999938964844,190624
2023-06-21 15:30:00+00:00,64.3499984741211,64.46499633789062,64.19499969482422,64.36000061035156,139561
2023-06-21 16:30:00+00:00,64.08999633789062,64.41999816894531,64.04000091552734,64.33999633789062,176808
2023-06-21 17:30:00+00:00,64.4000015258789,64.48999786376953,64.02999877929688,64.08000183105469,339472
2023-06-21 18:30:00+00:00,64.20999908447266,64.41500091552734,64.16000366210938,64.41000366210938,167281
2023-06-21 19:30:00+00:00,64.12999725341797,64.2699966430664,63.9900016784668,64.20999908447266,641527
2023-06-22 13:30:00+00:00,63.75,64.06999969482422,63.15999984741211,64.06999969482422,314737
2023-06-22 14:30:00+00:00,63.41999816894531,63.97999954223633,63.38999938964844,63.7599983215332,186614
2023-06-22 15:30:00+00:00,63.47999954223633,63.56999969482422,63.16999816894531,63.41999816894531,220721
2023-06-22 16:30:00+00:00,63.5,63.72999954223633,63.349998474121094,63.4900016784668,249248
2023-06-22 17:30:00+00:00,63.6150016784668,63.7400016784668,63.439998626708984,63.494998931884766,369030
2023-06-22 18:30:00+00:00,63.442501068115234,63.77000045776367,63.439998626708984,63.619998931884766,389655
2023-06-22 19:30:00+00:00,63.5099983215332,63.79499816894531,63.380001068115234,63.43000030517578,580385
2023-06-23 13:30:00+00:00,63.01499938964844,63.119998931884766,62.02000045776367,62.709999084472656,391830
2023-06-23 14:30:00+00:00,62.96500015258789,63.25,62.880001068115234,63.02000045776367,292158
2023-06-23 15:30:00+00:00,62.900001525878906,63.04999923706055,62.86000061035156,62.9900016784668,312762
2023-06-23 16:30:00+00:00,62.9900016784668,63.04999923706055,62.75,62.88999938964844,279445
2023-06-23 17:30:00+00:00,62.91999816894531,63.18000030517578,62.845001220703125,63.0,278246
2023-06-23 18:30:00+00:00,62.7599983215332,62.9900016784668,62.68000030517578,62.91999816894531,311435
2023-06-23 19:30:00+00:00,63.369998931884766,63.529998779296875,62.75,62.75,1505471
2023-06-26 13:30:00+00:00,63.7599983215332,64.0199966430664,63.2400016784668,63.29999923706055,641495
2023-06-26 14:30:00+00:00,63.56999969482422,63.779998779296875,63.400001525878906,63.75,321322
2023-06-26 15:30:00+00:00,63.68000030517578,63.7400016784668,63.470001220703125,63.58000183105469,169903
2023-06-26 16:30:00+00:00,63.709999084472656,63.720001220703125,63.400001525878906,63.70000076293945,167266
2023-06-26 17:30:00+00:00,63.64500045776367,63.7599983215332,63.51499938964844,63.724998474121094,235272
2023-06-26 18:30:00+00:00,63.61000061035156,63.7599983215332,63.599998474121094,63.650001525878906,242912
2023-06-26 19:30:00+00:00,63.209999084472656,63.627498626708984,63.15999984741211,63.599998474121094,629613
2023-06-27 13:30:00+00:00,63.38999938964844,63.599998474121094,63.150001525878906,63.52000045776367,293112
2023-06-27 14:30:00+00:00,63.72999954223633,63.7599983215332,63.31100082397461,63.400001525878906,381688
2023-06-27 15:30:00+00:00,63.720001220703125,63.880001068115234,63.650001525878906,63.72999954223633,232128
2023-06-27 16:30:00+00:00,63.650001525878906,63.72999954223633,63.51499938964844,63.720001220703125,342619
2023-06-27 17:30:00+00:00,63.78499984741211,63.88999938964844,63.6349983215332,63.63999938964844,378788
2023-06-27 18:30:00+00:00,63.915000915527344,63.95899963378906,63.7400016784668,63.790000915527344,286627
2023-06-27 19:30:00+00:00,63.91999816894531,64.01000213623047,63.81999969482422,63.91999816894531,771003
2023-06-28 13:30:00+00:00,64.02999877929688,64.58999633789062,63.66999816894531,64.30000305175781,376654
2023-06-28 14:30:00+00:00,63.790000915527344,64.26000213623047,63.75,64.05000305175781,395482
2023-06-28 15:30:00+00:00,64.0999984741211,64.2699966430664,63.77000045776367,63.790000915527344,243796
2023-06-28 16:30:00+00:00,63.97999954223633,64.25,63.810001373291016,64.11499786376953,144406
2023-06-28 17:30:00+00:00,63.97999954223633,64.05999755859375,63.880001068115234,63.9900016784668,210352
2023-06-28 18:30:00+00:00,63.7599983215332,64.04000091552734,63.720001220703125,63.9900016784668,239284
2023-06-28 19:30:00+00:00,63.689998626708984,63.81999969482422,63.54999923706055,63.75,655885
2023-06-29 13:30:00+00:00,63.73500061035156,64.0199966430664,63.000301361083984,63.45000076293945,424150
2023-06-29 14:30:00+00:00,64.08000183105469,64.1500015258789,63.74599838256836,63.75,330929
2023-06-29 15:30:00+00:00,64.19999694824219,64.25,64.03500366210938,64.0999984741211,203506
2023-06-29 16:30:00+00:00,64.33000183105469,64.3499984741211,64.08000183105469,64.19999694824219,220922
2023-06-29 17:30:00+00:00,64.25,64.3550033569336,64.06999969482422,64.33999633789062,299973
2023-06-29 18:30:00+00:00,64.50499725341797,64.50499725341797,64.1500015258789,64.26000213623047,244853
2023-06-29 19:30:00+00:00,64.4000015258789,64.58999633789062,64.37999725341797,64.51000213623047,638733
2023-06-30 13:30:00+00:00,65.07499694824219,65.23999786376953,64.6511001586914,65.16000366210938,314759
2023-06-30 14:30:00+00:00,65.22000122070312,65.33000183105469,64.7699966430664,65.11000061035156,156364
2023-06-30 15:30:00+00:00,65.22000122070312,65.2300033569336,64.94999694824219,65.20999908447266,128434
2023-06-30 16:30:00+00:00,65.38999938964844,65.44000244140625,65.12000274658203,65.22000122070312,114980
2023-06-30 17:30:00+00:00,65.58000183105469,65.58000183105469,65.2699966430664,65.4000015258789,183713
2023-06-30 18:30:00+00:00,65.61000061035156,65.7300033569336,65.55999755859375,65.58000183105469,182564
2023-06-30 19:30:00+00:00,65.3499984741211,65.66000366210938,65.3499984741211,65.62000274658203,309976
2023-07-03 13:30:00+00:00,65.02999877929688,65.11000061035156,64.5,64.91000366210938,188572
2023-07-03 14:30:00+00:00,65.08000183105469,65.19000244140625,64.83000183105469,65.04000091552734,124882
2023-07-03 15:30:00+00:00,65.1884994506836,65.23999786376953,65.0199966430664,65.0999984741211,96683
2023-07-05 13:30:00+00:00,64.30999755859375,65.05000305175781,64.0250015258789,64.62000274658203,312478
2023-07-05 14:30:00+00:00,64.37000274658203,64.45999908447266,64.19999694824219,64.30000305175781,170270
2023-07-05 15:30:00+00:00,64.18000030517578,64.51000213623047,64.16999816894531,64.37000274658203,105691
2023-07-05 16:30:00+00:00,64.16000366210938,64.16999816894531,64.0,64.16999816894531,102486
2023-07-05 17:30:00+00:00,64.13999938964844,64.30500030517578,64.05999755859375,64.16999816894531,113344
2023-07-05 18:30:00+00:00,64.33999633789062,64.33999633789062,64.13999938964844,64.13999938964844,131460
2023-07-05 19:30:00+00:00,64.12000274658203,64.36499786376953,64.06500244140625,64.33999633789062,248368
2023-07-06 13:30:00+00:00,62.9900016784668,63.56999969482422,62.91999816894531,63.56999969482422,232536
2023-07-06 14:30:00+00:00,62.95500183105469,63.099998474121094,62.91999816894531,62.9900016784668,120173
2023-07-06 15:30:00+00:00,63.2400016784668,63.3025016784668,62.959999084472656,62.959999084472656,121032
2023-07-06 16:30:00+00:00,63.5099983215332,63.52000045776367,63.22999954223633,63.25,175945
2023-07-06 17:30:00+00:00,63.439998626708984,63.685001373291016,63.400001525878906,63.5099983215332,225663
2023-07-06 18:30:00+00:00,63.505001068115234,63.650001525878906,63.41999816894531,63.439998626708984,203904
2023-07-06 19:30:00+00:00,63.58000183105469,63.63999938964844,63.349998474121094,63.4900016784668,392506
2023-07-07 13:30:00+00:00,64.30000305175781,64.41000366210938,63.33000183105469,63.41999816894531,141991
2023-07-07 14:30:00+00:00,64.54000091552734,64.5999984741211,64.16000366210938,64.29000091552734,116691
2023-07-07 15:30:00+00:00,64.62000274658203,64.69999694824219,64.51000213623047,64.52999877929688,108420
2023-07-07 16:30:00+00:00,64.7300033569336,64.92500305175781,64.63999938964844,64.63999938964844,98085
2023-07-07 17:30:00+00:00,64.70999908447266,64.72000122070312,64.55999755859375,64.72000122070312,124718
2023-07-07 18:30:00+00:00,64.30999755859375,64.70999908447266,64.30000305175781,64.69999694824219,129771
2023-07-07 19:30:00+00:00,64.26499938964844,64.38500213623047,64.11000061035156,64.30999755859375,254067
2023-07-10 13:30:00+00:00,65.55000305175781,65.70999908447266,64.6500015258789,64.97000122070312,251474
2023-07-10 14:30:00+00:00,65.47000122070312,65.5999984741211,65.33000183105469,65.55999755859375,153908
2023-07-10 15:30:00+00:00,65.61000061035156,65.6500015258789,65.38999938964844,65.45999908447266,75745
2023-07-10 16:30:00+00:00,65.5,65.6500015258789,65.43000030517578,65.63999938964844,64175
2023-07-10 17:30:00+00:00,65.58999633789062,65.5999984741211,65.40499877929688,65.51000213623047,86647
2023-07-10 18:30:00+00:00,65.5999984741211,65.63999938964844,65.4800033569336,65.58899688720703,118187
2023-07-10 19:30:00+00:00,65.80999755859375,65.8949966430664,65.58499908447266,65.58999633789062,332020
2023-07-11 13:30:00+00:00,66.18000030517578,66.73999786376953,66.0000991821289,66.01000213623047,347810
2023-07-11 14:30:00+00:00,66.08999633789062,66.26000213623047,65.87000274658203,66.1500015258789,205487
2023-07-11 15:30:00+00:00,65.9800033569336,66.33999633789062,65.93000030517578,66.06999969482422,123437
2023-07-11 16:30:00+00:00,66.10250091552734,66.12000274658203,65.93000030517578,65.98999786376953,129532
2023-07-11 17:30:00+00:00,66.05000305175781,66.18000030517578,65.93000030517578,66.11000061035156,153834
2023-07-11 18:30:00+00:00,66.44000244140625,66.44000244140625,66.01000213623047,66.04000091552734,166413
2023-07-11 19:30:00+00:00,66.25,66.5199966430664,66.25,66.44000244140625,333657
2023-07-12 13:30:00+00:00,66.51499938964844,66.93000030517578,66.13349914550781,66.87999725341797,203920
2023-07-12 14:30:00+00:00,66.86499786376953,67.0199966430664,66.52999877929688,66.52999877929688,137528
2023-07-12 15:30:00+00:00,66.37999725341797,66.875,66.37000274658203,66.86000061035156,105655
2023-07-12 16:30:00+00:00,66.44000244140625,66.55999755859375,66.36000061035156,66.37999725341797,73427
2023-07-12 17:30:00+00:00,66.54000091552734,66.6050033569336,66.30500030517578,66.41999816894531,99120
2023-07-12 18:30:00+00:00,66.2699966430664,66.54000091552734,66.1500015258789,66.52999877929688,102360
2023-07-12 19:30:00+00:00,66.12000274658203,66.3499984741211,66.05999755859375,66.29000091552734,315709
2023-07-13 13:30:00+00:00,66.27999877929688,66.33000183105469,65.8499984741211,66.22000122070312,69861
2023-07-13 14:30:00+00:00,66.33000183105469,66.45999908447266,66.20999908447266,66.29000091552734,160955
2023-07-13 15:30:00+00:00,66.36000061035156,66.4000015258789,66.20500183105469,66.33000183105469,57590
2023-07-13 16:30:00+00:00,66.55000305175781,66.56999969482422,66.33999633789062,66.41000366210938,57436
2023-07-13 17:30:00+00:00,66.66000366210938,66.6635971069336,66.47000122070312,66.55999755859375,79605
2023-07-13 18:30:00+00:00,66.70999908447266,66.7300033569336,66.58999633789062,66.66000366210938,132912
2023-07-13 19:30:00+00:00,66.68000030517578,66.91000366210938,66.68000030517578,66.70999908447266,291329
2023-07-14 13:30:00+00:00,66.19000244140625,66.66999816894531,66.16000366210938,66.62999725341797,179353
2023-07-14 14:30:00+00:00,66.12000274658203,66.25,65.9000015258789,66.19999694824219,130960
2023-07-14 15:30:00+00:00,66.05999755859375,66.2249984741211,66.0,66.13999938964844,127278
2023-07-14 16:30:00+00:00,66.18499755859375,66.2760009765625,66.04000091552734,66.05000305175781,115906
2023-07-14 17:30:00+00:00,66.25499725341797,66.37999725341797,66.11000061035156,66.16000366210938,150308
2023-07-14 18:30:00+00:00,66.18000030517578,66.2699966430664,66.05999755859375,66.25,152418
2023-07-14 19:30:00+00:00,66.125,66.29000091552734,66.04000091552734,66.19999694824219,343983
2023-07-17 13:30:00+00:00,66.12999725341797,66.45999908447266,65.94999694824219,66.02999877929688,168173
2023-07-17 14:30:00+00:00,66.6050033569336,66.6050033569336,66.05999755859375,66.1500015258789,247013
2023-07-17 15:30:00+00:00,66.58000183105469,66.7249984741211,66.51750183105469,66.6050033569336,145496
2023-07-17 16:30:00+00:00,66.53500366210938,66.58999633789062,66.48999786376953,66.58499908447266,146718
2023-07-17 17:30:00+00:00,66.4000015258789,66.61000061035156,66.32499694824219,66.53500366210938,184116
2023-07-17 18:30:00+00:00,66.5199966430664,66.52999877929688,66.29000091552734,66.4000015258789,325587
2023-07-17 19:30:00+00:00,66.30000305175781,66.54499816894531,66.2750015258789,66.51000213623047,380300
2023-07-18 13:30:00+00:00,66.44000244140625,66.45999908447266,65.95999908447266,66.04000091552734,429012
2023-07-18 14:30:00+00:00,66.58499908447266,66.70999908447266,66.18000030517578,66.44000244140625,331885
2023-07-18 15:30:00+00:00,66.4800033569336,66.76000213623047,66.41999816894531,66.58000183105469,200115
2023-07-18 16:30:00+00:00,66.62000274658203,66.69999694824219,66.45999908447266,66.47000122070312,226643
2023-07-18 17:30:00+00:00,66.73999786376953,66.75499725341797,66.44000244140625,66.62999725341797,192328
2023-07-18 18:30:00+00:00,67.08000183105469,67.0999984741211,66.5999984741211,66.75,280007
2023-07-18 19:30:00+00:00,67.0199966430664,67.18000030517578,66.91000366210938,67.08999633789062,468140
2023-07-19 13:30:00+00:00,65.8499984741211,66.37000274658203,65.79000091552734,66.36000061035156,530263
2023-07-19 14:30:00+00:00,65.43000030517578,65.88500213623047,64.86000061035156,65.8499984741211,379825
2023-07-19 15:30:00+00:00,65.38999938964844,65.58999633789062,65.37000274658203,65.44000244140625,215738
2023-07-19 16:30:00+00:00,65.61000061035156,65.62000274658203,65.15499877929688,65.38500213623047,182951
2023-07-19 17:30:00+00:00,65.5199966430664,65.61000061035156,65.23500061035156,65.61000061035156,291333
2023-07-19 18:30:00+00:00,65.70500183105469,65.78500366210938,65.50499725341797,65.5199966430664,311791
2023-07-19 19:30:00+00:00,65.70999908447266,65.83000183105469,65.6500015258789,65.69999694824219,545823
2023-07-20 13:30:00+00:00,65.38999938964844,66.06999969482422,65.27999877929688,66.0199966430664,165629
2023-07-20 14:30:00+00:00,65.63999938964844,65.75,65.36000061035156,65.37999725341797,210409
2023-07-20 15:30:00+00:00,65.58999633789062,65.88999938964844,65.58000183105469,65.62000274658203,147836
2023-07-20 16:30:00+00:00,65.41999816894531,65.63999938964844,65.33000183105469,65.5999984741211,209142
2023-07-20 17:30:00+00:00,65.2699966430664,65.45999908447266,65.2300033569336,65.41000366210938,177654
2023-07-20 18:30:00+00:00,65.58999633789062,65.61000061035156,65.2699966430664,65.2699966430664,268701
2023-07-20 19:30:00+00:00,65.5999984741211,65.62000274658203,65.30999755859375,65.59500122070312,470902
2023-07-21 13:30:00+00:00,65.55000305175781,65.79000091552734,65.41500091552734,65.69000244140625,153675
2023-07-21 14:30:00+00:00,65.69000244140625,65.80999755859375,65.54000091552734,65.55000305175781,87565
2023-07-21 15:30:00+00:00,65.37000274658203,65.7249984741211,65.37000274658203,65.69999694824219,100115
2023-07-21 16:30:00+00:00,65.5,65.55000305175781,65.29000091552734,65.37999725341797,115906
2023-07-21 17:30:00+00:00,65.25,65.63500213623047,65.25,65.51000213623047,101881
2023-07-21 18:30:00+00:00,65.24500274658203,65.41500091552734,65.13999938964844,65.25,194214
2023-07-21 19:30:00+00:00,65.26000213623047,65.33000183105469,65.08000183105469,65.26000213623047,406016
2023-07-24 13:30:00+00:00,65.30999755859375,65.94999694824219,65.27999877929688,65.43000030517578,171008
2023-07-24 14:30:00+00:00,65.30999755859375,65.37000274658203,65.11000061035156,65.30000305175781,175808
2023-07-24 15:30:00+00:00,65.16000366210938,65.44000244140625,65.01000213623047,65.30999755859375,148511
2023-07-24 16:30:00+00:00,65.18000030517578,65.20999908447266,65.0199966430664,65.16000366210938,149700
2023-07-24 17:30:00+00:00,65.1050033569336,65.19999694824219,65.04000091552734,65.18000030517578,128768
2023-07-24 18:30:00+00:00,65.13999938964844,65.29000091552734,64.97000122070312,65.0999984741211,131660
2023-07-24 19:30:00+00:00,65.2699966430664,65.29000091552734,65.12999725341797,65.13999938964844,321896
2023-07-25 13:30:00+00:00,65.63999938964844,65.73999786376953,64.75,64.88999938964844,134175
2023-07-25 14:30:00+00:00,65.7699966430664,65.77999877929688,65.43000030517578,65.62000274658203,151479
2023-07-25 15:30:00+00:00,65.62000274658203,65.86000061035156,65.58000183105469,65.79000091552734,189630
2023-07-25 16:30:00+00:00,65.55000305175781,65.65499877929688,65.4000015258789,65.62000274658203,96701
2023-07-25 17:30:00+00:00,65.6500015258789,65.69000244140625,65.5199966430664,65.55999755859375,99581
2023-07-25 18:30:00+00:00,65.2699966430664,65.66000366210938,65.2300033569336,65.66000366210938,185558
2023-07-25 19:30:00+00:00,65.05999755859375,65.25,65.01499938964844,65.25,506363
2023-07-26 13:30:00+00:00,64.69000244140625,65.33499908447266,64.52999877929688,64.83999633789062,227230
2023-07-26 14:30:00+00:00,64.31999969482422,64.76000213623047,64.05999755859375,64.68000030517578,254734
2023-07-26 15:30:00+00:00,64.24500274658203,64.4000015258789,64.11000061035156,64.29000091552734,127363
2023-07-26 16:30:00+00:00,64.25,64.4000015258789,64.125,64.24500274658203,138267
2023-07-26 17:30:00+00:00,64.30000305175781,64.38999938964844,64.12000274658203,64.2300033569336,212028
2023-07-26 18:30:00+00:00,64.34500122070312,64.6675033569336,64.18000030517578,64.30000305175781,335406
2023-07-26 19:30:00+00:00,64.52999877929688,64.55000305175781,64.19999694824219,64.33499908447266,487704
2023-07-27 13:30:00+00:00,64.6500015258789,65.0199966430664,64.38999938964844,64.87000274658203,184296
2023-07-27 14:30:00+00:00,64.66000366210938,64.95999908447266,64.55999755859375,64.66000366210938,170589
2023-07-27 15:30:00+00:00,64.75499725341797,64.77999877929688,64.46499633789062,64.66000366210938,137471
2023-07-27 16:30:00+00:00,64.4000015258789,64.83999633789062,64.38999938964844,64.76000213623047,194326
2023-07-27 17:30:00+00:00,64.29000091552734,64.56999969482422,64.2750015258789,64.41000366210938,269862
2023-07-27 18:30:00+00:00,64.05999755859375,64.33000183105469,64.02999877929688,64.27999877929688,443155
2023-07-27 19:30:00+00:00,64.05000305175781,64.1449966430664,63.869998931884766,64.05999755859375,669004
2023-07-28 13:30:00+00:00,64.26000213623047,64.8499984741211,64.20999908447266,64.70999908447266,252461
2023-07-28 14:30:00+00:00,64.18000030517578,64.31999969482422,64.06999969482422,64.30999755859375,184264
2023-07-28 15:30:00+00:00,64.41999816894531,64.59249877929688,64.16999816894531,64.18000030517578,228132
2023-07-28 16:30:00+00:00,64.30000305175781,64.54000091552734,64.29000091552734,64.41000366210938,195750
2023-07-28 17:30:00+00:00,64.2300033569336,64.31500244140625,64.03389739990234,64.30000305175781,286386
2023-07-28 18:30:00+00:00,64.06999969482422,64.24500274658203,64.06500244140625,64.2300033569336,358626
2023-07-28 19:30:00+00:00,64.19000244140625,64.22000122070312,63.97999954223633,64.08000183105469,557071
2023-07-31 13:30:00+00:00,64.75,64.84629821777344,64.3499984741211,64.62999725341797,233317
2023-07-31 14:30:00+00:00,64.87999725341797,64.94499969482422,64.63999938964844,64.76000213623047,172404
2023-07-31 15:30:00+00:00,65.12000274658203,65.16999816894531,64.80999755859375,64.875,131938
2023-07-31 16:30:00+00:00,65.08999633789062,65.19999694824219,64.98999786376953,65.11000061035156,142711
2023-07-31 17:30:00+00:00,64.92500305175781,65.11000061035156,64.82499694824219,65.08999633789062,200316
2023-07-31 18:30:00+00:00,65.0,65.08000183105469,64.87100219726562,64.93000030517578,212891
2023-07-31 19:30:00+00:00,65.27999877929688,65.32499694824219,64.97000122070312,65.0,517243
2023-08-01 13:30:00+00:00,65.19999694824219,65.91999816894531,64.70999908447266,64.7699966430664,390074
2023-08-01 14:30:00+00:00,65.22000122070312,65.27999877929688,64.9800033569336,65.1500015258789,211741
2023-08-01 15:30:00+00:00,65.41000366210938,65.43000030517578,65.16000366210938,65.24500274658203,246250
2023-08-01 16:30:00+00:00,65.4000015258789,65.45999908447266,65.19999694824219,65.4000015258789,217850
2023-08-01 17:30:00+00:00,65.51750183105469,65.52999877929688,65.30999755859375,65.40499877929688,189958
2023-08-01 18:30:00+00:00,65.7249984741211,65.73999786376953,65.47000122070312,65.52999877929688,290762
2023-08-01 19:30:00+00:00,66.01000213623047,66.05999755859375,65.72000122070312,65.7300033569336,709511
2023-08-02 13:30:00+00:00,65.44000244140625,65.9000015258789,65.06999969482422,65.62000274658203,397767
2023-08-02 14:30:00+00:00,65.58000183105469,65.87000274658203,65.44000244140625,65.45999908447266,452258
2023-08-02 15:30:00+00:00,65.48999786376953,65.62999725341797,65.29000091552734,65.56999969482422,310102
2023-08-02 16:30:00+00:00,65.52999877929688,65.55249786376953,65.2699966430664,65.4800033569336,243878
2023-08-02 17:30:00+00:00,65.41000366210938,65.69000244140625,65.30999755859375,65.54499816894531,363975
2023-08-02 18:30:00+00:00,65.29000091552734,65.56500244140625,65.27799987792969,65.41000366210938,431480
2023-08-02 19:30:00+00:00,65.47000122070312,65.66999816894531,65.2699966430664,65.30000305175781,922765
2023-08-03 13:30:00+00:00,66.72000122070312,66.7699966430664,65.23999786376953,66.5199966430664,775477
2023-08-03 14:30:00+00:00,67.16500091552734,67.2300033569336,66.37999725341797,66.69999694824219,556386
2023-08-03 15:30:00+00:00,67.18000030517578,67.25,66.7699966430664,67.18000030517578,308800
2023-08-03 16:30:00+00:00,67.16000366210938,67.38999938964844,67.11000061035156,67.20999908447266,253429
2023-08-03 17:30:00+00:00,66.94000244140625,67.21499633789062,66.8301010131836,67.17500305175781,275359
2023-08-03 18:30:00+00:00,67.08000183105469,67.12999725341797,66.8949966430664,66.94000244140625,375317
2023-08-03 19:30:00+00:00,67.11000061035156,67.27999877929688,66.9000015258789,67.08000183105469,766786
2023-08-04 13:30:00+00:00,67.23999786376953,67.69999694824219,66.56999969482422,67.56999969482422,392092
2023-08-04 14:30:00+00:00,67.43499755859375,67.44200134277344,66.94999694824219,67.23999786376953,247206
2023-08-04 15:30:00+00:00,67.58000183105469,67.63999938964844,67.31999969482422,67.44000244140625,393124
2023-08-04 16:30:00+00:00,67.4800033569336,67.73999786376953,67.44000244140625,67.5999984741211,191958
2023-08-04 17:30:00+00:00,66.91000366210938,67.61499786376953,66.8949966430664,67.4800033569336,241314
2023-08-04 18:30:00+00:00,66.98999786376953,67.04119873046875,66.76000213623047,66.91000366210938,360156
2023-08-04 19:30:00+00:00,66.93000030517578,67.02999877929688,66.83499908447266,66.9800033569336,598010
2023-08-07 13:30:00+00:00,67.69000244140625,67.73999786376953,67.12999725341797,67.5199966430664,232464
2023-08-07 14:30:00+00:00,67.61000061035156,67.91999816894531,67.55000305175781,67.70999908447266,106703
2023-08-07 15:30:00+00:00,67.44000244140625,67.625,67.4000015258789,67.6050033569336,119713
2023-08-07 16:30:00+00:00,67.69000244140625,67.7750015258789,67.3550033569336,67.44999694824219,131372
2023-08-07 17:30:00+00:00,67.83000183105469,68.0,67.69000244140625,67.69000244140625,114647
2023-08-07 18:30:00+00:00,67.5999984741211,67.87999725341797,67.58999633789062,67.83000183105469,144421
2023-08-07 19:30:00+00:00,67.91000366210938,67.94999694824219,67.58999633789062,67.5999984741211,392118
2023-08-08 13:30:00+00:00,67.16000366210938,67.61000061035156,66.9800033569336,67.41000366210938,221040
2023-08-08 14:30:00+00:00,67.70999908447266,67.87999725341797,67.12000274658203,67.18000030517578,368777
2023-08-08 15:30:00+00:00,67.66000366210938,67.80999755859375,67.6050033569336,67.69999694824219,144639
2023-08-08 16:30:00+00:00,68.01000213623047,68.0199966430664,67.62000274658203,67.6500015258789,102686
2023-08-08 17:30:00+00:00,68.27999877929688,68.27999877929688,67.8499984741211,68.0199966430664,186070
2023-08-08 18:30:00+00:00,68.75,68.80000305175781,68.26499938964844,68.29000091552734,525809
2023-08-08 19:30:00+00:00,68.62000274658203,68.91999816894531,68.62000274658203,68.75,599267
2023-08-09 13:30:00+00:00,68.44000244140625,68.87999725341797,68.38999938964844,68.62999725341797,394555
2023-08-09 14:30:00+00:00,68.31999969482422,68.65989685058594,68.28500366210938,68.44000244140625,267506
2023-08-09 15:30:00+00:00,68.05000305175781,68.30999755859375,67.91999816894531,68.30999755859375,223079
2023-08-09 16:30:00+00:00,68.53500366210938,68.62000274658203,68.0250015258789,68.04000091552734,328326
2023-08-09 17:30:00+00:00,68.44000244140625,68.6050033569336,68.2699966430664,68.52999877929688,193716
2023-08-09 18:30:00+00:00,68.4749984741211,68.57499694824219,68.37999725341797,68.44999694824219,322987
2023-08-09 19:30:00+00:00,68.13999938964844,68.50499725341797,68.11000061035156,68.4800033569336,819030
2023-08-10 13:30:00+00:00,68.49500274658203,68.73999786376953,68.27999877929688,68.37999725341797,187533
2023-08-10 14:30:00+00:00,68.16999816894531,68.5199966430664,67.68000030517578,68.5199966430664,435355
2023-08-10 15:30:00+00:00,67.58999633789062,68.20999908447266,67.51000213623047,68.16999816894531,266003
2023-08-10 16:30:00+00:00,67.7699966430664,67.93000030517578,67.38999938964844,67.55999755859375,233944
2023-08-10 17:30:00+00:00,67.9000015258789,67.91000366210938,67.54000091552734,67.77999877929688,271069
2023-08-10 18:30:00+00:00,67.78500366210938,68.04000091552734,67.6500015258789,67.8949966430664,279238
2023-08-10 19:30:00+00:00,67.91999816894531,67.94499969482422,67.52999877929688,67.76000213623047,495678
2023-08-11 13:30:00+00:00,68.11000061035156,68.21099853515625,67.66000366210938,67.76000213623047,161089
2023-08-11 14:30:00+00:00,68.02999877929688,68.31999969482422,67.86000061035156,68.11000061035156,174257
2023-08-11 15:30:00+00:00,68.02999877929688,68.22000122070312,67.95500183105469,68.04000091552734,101885
2023-08-11 16:30:00+00:00,67.94000244140625,68.05500030517578,67.80999755859375,68.04000091552734,161314
2023-08-11 17:30:00+00:00,67.99500274658203,68.02999877929688,67.75,67.93000030517578,157186
2023-08-11 18:30:00+00:00,68.08000183105469,68.12000274658203,67.99500274658203,68.0,123911
2023-08-11 19:30:00+00:00,68.0999984741211,68.1500015258789,67.93000030517578,68.08000183105469,400308
2023-08-14 13:30:00+00:00,67.95999908447266,68.16000366210938,67.6500015258789,67.91000366210938,213355
2023-08-14 14:30:00+00:00,68.12999725341797,68.19999694824219,67.86000061035156,67.95999908447266,102270
2023-08-14 15:30:00+00:00,68.12000274658203,68.17500305175781,68.02999877929688,68.13999938964844,102040
2023-08-14 16:30:00+00:00,68.00990295410156,68.13999938964844,67.94000244140625,68.11000061035156,163097
2023-08-14 17:30:00+00:00,67.88999938964844,68.04000091552734,67.83000183105469,68.01000213623047,187186
2023-08-14 18:30:00+00:00,67.76000213623047,67.88999938964844,67.6449966430664,67.88999938964844,323075
2023-08-14 19:30:00+00:00,67.9000015258789,67.91999816894531,67.75,67.76000213623047,357981
2023-08-15 13:30:00+00:00,66.96499633789062,67.83499908447266,66.82499694824219,67.51000213623047,268137
2023-08-15 14:30:00+00:00,67.12000274658203,67.24500274658203,66.85009765625,66.95539855957031,270048
2023-08-15 15:30:00+00:00,67.0199966430664,67.13999938964844,66.91999816894531,67.12999725341797,146210
2023-08-15 16:30:00+00:00,67.04000091552734,67.05999755859375,66.87999725341797,67.02999877929688,79788
2023-08-15 17:30:00+00:00,67.0199966430664,67.04000091552734,66.91000366210938,67.04000091552734,93818
2023-08-15 18:30:00+00:00,66.93000030517578,67.13999938964844,66.91000366210938,67.0199966430664,158476
2023-08-15 19:30:00+00:00,67.01000213623047,67.05500030517578,66.76000213623047,66.93000030517578,428554
2023-08-16 13:30:00+00:00,67.11000061035156,67.37999725341797,66.77999877929688,66.93000030517578,158930
2023-08-16 14:30:00+00:00,67.19000244140625,67.2300033569336,67.0199966430664,67.13999938964844,56816
2023-08-16 15:30:00+00:00,67.01000213623047,67.19000244140625,66.95999908447266,67.17500305175781,81584
2023-08-16 16:30:00+00:00,66.83000183105469,67.08000183105469,66.82499694824219,67.0,153473
2023-08-16 17:30:00+00:00,67.04000091552734,67.08000183105469,66.76000213623047,66.80999755859375,107905
2023-08-16 18:30:00+00:00,66.7300033569336,67.0999984741211,66.6500015258789,67.08000183105469,295712
2023-08-16 19:30:00+00:00,66.69000244140625,66.81999969482422,66.62999725341797,66.69999694824219,266467
2023-08-17 13:30:00+00:00,67.22000122070312,67.37000274658203,66.69000244140625,67.04000091552734,156338
2023-08-17 14:30:00+00:00,66.95999908447266,67.36000061035156,66.88500213623047,67.20999908447266,286394
2023-08-17 15:30:00+00:00,66.9800033569336,67.04000091552734,66.77999877929688,66.95999908447266,116361
2023-08-17 16:30:00+00:00,66.83000183105469,67.06999969482422,66.83000183105469,66.98999786376953,86439
2023-08-17 17:30:00+00:00,66.44499969482422,66.91999816894531,66.41999816894531,66.86000061035156,146326
2023-08-17 18:30:00+00:00,66.31999969482422,66.51000213623047,66.08000183105469,66.43000030517578,244247
2023-08-17 19:30:00+00:00,66.0999984741211,66.33000183105469,66.0999984741211,66.31999969482422,505781
2023-08-18 13:30:00+00:00,65.98999786376953,66.29000091552734,65.0,65.4000015258789,296971
2023-08-18 14:30:00+00:00,66.58000183105469,66.68000030517578,65.95999908447266,65.98500061035156,278384
2023-08-18 15:30:00+00:00,67.05000305175781,67.09500122070312,66.52999877929688,66.55000305175781,374149
2023-08-18 16:30:00+00:00,66.75,67.16000366210938,66.62999725341797,67.05999755859375,390199
2023-08-18 17:30:00+00:00,66.70999908447266,66.83499908447266,66.56999969482422,66.7699966430664,500883
2023-08-18 18:30:00+00:00,66.30000305175781,66.80000305175781,66.2300033569336,66.72000122070312,1073979
2023-08-18 19:30:00+00:00,66.48999786376953,66.61000061035156,66.28500366210938,66.29000091552734,481311
2023-08-21 13:30:00+00:00,66.42500305175781,66.9000015258789,66.4000015258789,66.80000305175781,158716
2023-08-21 14:30:00+00:00,66.5199966430664,66.63999938964844,66.41000366210938,66.41500091552734,131996
2023-08-21 15:30:00+00:00,66.30999755859375,66.52999877929688,66.11000061035156,66.50499725341797,192501
2023-08-21 16:30:00+00:00,66.62999725341797,66.68000030517578,66.27999877929688,66.30000305175781,131221
2023-08-21 17:30:00+00:00,66.70500183105469,66.71499633789062,66.54000091552734,66.62000274658203,92481
2023-08-21 18:30:00+00:00,66.8949966430664,66.9000015258789,66.68000030517578,66.70999908447266,154528
2023-08-21 19:30:00+00:00,66.70999908447266,66.97000122070312,66.66000366210938,66.8949966430664,371241
2023-08-22 13:30:00+00:00,67.30000305175781,67.69999694824219,67.11000061035156,67.30000305175781,243554
2023-08-22 14:30:00+00:00,67.01499938964844,67.30000305175781,66.93000030517578,67.30000305175781,233151
2023-08-22 15:30:00+00:00,67.0,67.08499908447266,66.91999816894531,67.0199966430664,78999
2023-08-22 16:30:00+00:00,66.91999816894531,67.06999969482422,66.79000091552734,67.0199966430664,114668
2023-08-22 17:30:00+00:00,67.0,67.0,66.75,66.92500305175781,83894
2023-08-22 18:30:00+00:00,67.0,67.12999725341797,66.875,67.01000213623047,130165
2023-08-22 19:30:00+00:00,66.8499984741211,67.0,66.75,66.98999786376953,261179
2023-08-23 13:30:00+00:00,67.08999633789062,67.2300033569336,66.93000030517578,67.0,169283
2023-08-23 14:30:00+00:00,67.5999984741211,67.62999725341797,67.05999755859375,67.0999984741211,85178
2023-08-23 15:30:00+00:00,67.79000091552734,67.80000305175781,67.61000061035156,67.61000061035156,96379
2023-08-23 16:30:00+00:00,68.19000244140625,68.23999786376953,67.7750015258789,67.80000305175781,170502
2023-08-23 17:30:00+00:00,68.43000030517578,68.46499633789062,68.19000244140625,68.19000244140625,166787
2023-08-23 18:30:00+00:00,68.5,68.50250244140625,68.3550033569336,68.44000244140625,279573
2023-08-23 19:30:00+00:00,68.51000213623047,68.68000030517578,68.37000274658203,68.5,558034
2023-08-24 13:30:00+00:00,68.70500183105469,69.1500015258789,68.27999877929688,68.4800033569336,414706
2023-08-24 14:30:00+00:00,68.45999908447266,68.83999633789062,68.30000305175781,68.69000244140625,667840
2023-08-24 15:30:00+00:00,68.6050033569336,68.62000274658203,68.29000091552734,68.41000366210938,186020
2023-08-24 16:30:00+00:00,68.36000061035156,68.63500213623047,68.27999877929688,68.61000061035156,199412
2023-08-24 17:30:00+00:00,68.33999633789062,68.47000122070312,68.30999755859375,68.3499984741211,208593
2023-08-24 18:30:00+00:00,68.36499786376953,68.45999908447266,68.22000122070312,68.3499984741211,433196
2023-08-24 19:30:00+00:00,68.22000122070312,68.38500213623047,68.16999816894531,68.37000274658203,837690
2023-08-25 13:30:00+00:00,68.4800033569336,68.93000030517578,68.16999816894531,68.58000183105469,252932
2023-08-25 14:30:00+00:00,68.68000030517578,68.69999694824219,68.08370208740234,68.4800033569336,284260
2023-08-25 15:30:00+00:00,68.97000122070312,69.0199966430664,68.54000091552734,68.6500015258789,193678
2023-08-25 16:30:00+00:00,69.02999877929688,69.26000213623047,68.94999694824219,69.0,242832
2023-08-25 17:30:00+00:00,69.11000061035156,69.12000274658203,68.80999755859375,69.04000091552734,172511
2023-08-25 18:30:00+00:00,69.24500274658203,69.30500030517578,68.9800033569336,69.0999984741211,225528
2023-08-25 19:30:00+00:00,68.91000366210938,69.2750015258789,68.55000305175781,69.25,893100
2023-08-28 13:30:00+00:00,69.3949966430664,69.44000244140625,68.5999984741211,68.8499984741211,306851
2023-08-28 14:30:00+00:00,69.27999877929688,69.43000030517578,69.19999694824219,69.3949966430664,188679
2023-08-28 15:30:00+00:00,69.30500030517578,69.44000244140625,69.26499938964844,69.27999877929688,167073
2023-08-28 16:30:00+00:00,69.3550033569336,69.37999725341797,69.04000091552734,69.30000305175781,310341
2023-08-28 17:30:00+00:00,69.12000274658203,69.38999938964844,69.04000091552734,69.3550033569336,115313
2023-08-28 18:30:00+00:00,69.04499816894531,69.19000244140625,68.97000122070312,69.12000274658203,187367
2023-08-28 19:30:00+00:00,69.0999984741211,69.18499755859375,68.95999908447266,69.05000305175781,511035
2023-08-29 13:30:00+00:00,69.4000015258789,69.5,68.73999786376953,68.94999694824219,234458
2023-08-29 14:30:00+00:00,69.91500091552734,70.06999969482422,69.38999938964844,69.38999938964844,235204
2023-08-29 15:30:00+00:00,70.19000244140625,70.30000305175781,69.92500305175781,69.92500305175781,182447
2023-08-29 16:30:00+00:00,70.1500015258789,70.31999969482422,69.94499969482422,70.18000030517578,216770
2023-08-29 17:30:00+00:00,69.93499755859375,70.30999755859375,69.83999633789062,70.1500015258789,225159
2023-08-29 18:30:00+00:00,70.0250015258789,70.06999969482422,69.81500244140625,69.93000030517578,337945
2023-08-29 19:30:00+00:00,69.97000122070312,70.04499816894531,69.90499877929688,70.01499938964844,276854
2023-08-30 13:30:00+00:00,70.1050033569336,70.6500015258789,70.0,70.12999725341797,129136
2023-08-30 14:30:00+00:00,70.21499633789062,70.33000183105469,70.08999633789062,70.13999938964844,151313
2023-08-30 15:30:00+00:00,70.01000213623047,70.30999755859375,69.87999725341797,70.21499633789062,175019
2023-08-30 16:30:00+00:00,69.83000183105469,70.05000305175781,69.76000213623047,70.02999877929688,176794
2023-08-30 17:30:00+00:00,69.79000091552734,69.9000015258789,69.66999816894531,69.83000183105469,280578
2023-08-30 18:30:00+00:00,69.75,70.0199966430664,69.7300033569336,69.75499725341797,203246
2023-08-30 19:30:00+00:00,69.9000015258789,69.91999816894531,69.72000122070312,69.75,596160
2023-08-31 13:30:00+00:00,70.08999633789062,70.20999908447266,69.31999969482422,69.86000061035156,534489
2023-08-31 14:30:00+00:00,70.16999816894531,70.16999816894531,69.83999633789062,70.08499908447266,263015
2023-08-31 15:30:00+00:00,69.91000366210938,70.17500305175781,69.83000183105469,70.16999816894531,144362
2023-08-31 16:30:00+00:00,69.91999816894531,69.97000122070312,69.59500122070312,69.91020202636719,572992
2023-08-31 17:30:00+00:00,69.66999816894531,69.94000244140625,69.6449966430664,69.91999816894531,245822
2023-08-31 18:30:00+00:00,69.66000366210938,69.72000122070312,69.38500213623047,69.66999816894531,429667
2023-08-31 19:30:00+00:00,69.5999984741211,69.80000305175781,69.55999755859375,69.66000366210938,729185
2023-09-01 13:30:00+00:00,70.4000015258789,70.5199966430664,69.69000244140625,69.98999786376953,223915
2023-09-01 14:30:00+00:00,70.18000030517578,70.37000274658203,70.01000213623047,70.37000274658203,219633
2023-09-01 15:30:00+00:00,69.92500305175781,70.30000305175781,69.83000183105469,70.20999908447266,186224
2023-09-01 16:30:00+00:00,69.7750015258789,70.02999877929688,69.76000213623047,69.93000030517578,249260
2023-09-01 17:30:00+00:00,69.69999694824219,69.91999816894531,69.66999816894531,69.76000213623047,344405
2023-09-01 18:30:00+00:00,69.75,69.87999725341797,69.55999755859375,69.69000244140625,509983
2023-09-01 19:30:00+00:00,69.94999694824219,69.97000122070312,69.69000244140625,69.75,776529
2023-09-05 13:30:00+00:00,68.55000305175781,70.0,68.33999633789062,69.95999908447266,494789
2023-09-05 14:30:00+00:00,68.875,69.06999969482422,68.44000244140625,68.55000305175781,581069
2023-09-05 15:30:00+00:00,68.52999877929688,68.97000122070312,68.41000366210938,68.87000274658203,310257
2023-09-05 16:30:00+00:00,68.51000213623047,68.66999816894531,68.33999633789062,68.5199966430664,224798
2023-09-05 17:30:00+00:00,68.51000213623047,68.69000244140625,68.43000030517578,68.5,402438
2023-09-05 18:30:00+00:00,68.5199966430664,68.68000030517578,68.30000305175781,68.5199966430664,461641
2023-09-05 19:30:00+00:00,68.44000244140625,68.59500122070312,68.41000366210938,68.5199966430664,961396
2023-09-06 13:30:00+00:00,69.51000213623047,69.54000091552734,68.25,68.30000305175781,318959
2023-09-06 14:30:00+00:00,69.19000244140625,69.68499755859375,69.05000305175781,69.5,533626
2023-09-06 15:30:00+00:00,69.12000274658203,69.33000183105469,68.98999786376953,69.19000244140625,242478
2023-09-06 16:30:00+00:00,69.37999725341797,69.4749984741211,69.07499694824219,69.1187973022461,331213
2023-09-06 17:30:00+00:00,69.63500213623047,69.66000366210938,69.27999877929688,69.38999938964844,347707
2023-09-06 18:30:00+00:00,69.4800033569336,69.66999816894531,69.3499984741211,69.63500213623047,453277
2023-09-06 19:30:00+00:00,70.01000213623047,70.05000305175781,69.4800033569336,69.4800033569336,1021906
2023-09-07 13:30:00+00:00,69.02999877929688,69.7699966430664,68.73999786376953,69.62000274658203,633810
2023-09-07 14:30:00+00:00,69.5,69.52999877929688,68.9800033569336,69.12999725341797,329164
2023-09-07 15:30:00+00:00,70.11000061035156,70.16999816894531,69.4749984741211,69.51000213623047,302201
2023-09-07 16:30:00+00:00,70.12000274658203,70.22000122070312,69.99500274658203,70.11000061035156,185120
2023-09-07 17:30:00+00:00,70.0999984741211,70.2300033569336,70.02999877929688,70.11000061035156,213260
2023-09-07 18:30:00+00:00,69.8499984741211,70.12000274658203,69.8499984741211,70.08499908447266,283719
2023-09-07 19:30:00+00:00,69.55999755859375,69.94999694824219,69.52999877929688,69.86000061035156,606504
2023-09-08 13:30:00+00:00,69.80999755859375,69.9800033569336,69.44000244140625,69.5199966430664,848123
2023-09-08 14:30:00+00:00,69.69000244140625,69.91999816894531,69.59500122070312,69.81999969482422,172504
2023-09-08 15:30:00+00:00,69.62000274658203,69.80000305175781,69.5,69.69499969482422,265295
2023-09-08 16:30:00+00:00,69.51000213623047,69.625,69.44999694824219,69.62000274658203,136413
2023-09-08 17:30:00+00:00,69.43000030517578,69.58999633789062,69.37999725341797,69.5,161838
2023-09-08 18:30:00+00:00,69.39250183105469,69.5,69.31999969482422,69.43000030517578,154414
2023-09-08 19:30:00+00:00,69.43000030517578,69.5199966430664,69.36000061035156,69.4000015258789,412364
2023-09-11 13:30:00+00:00,68.83000183105469,70.23999786376953,68.68000030517578,69.81999969482422,317152
2023-09-11 14:30:00+00:00,68.5,68.83499908447266,68.05500030517578,68.83499908447266,586573
2023-09-11 15:30:00+00:00,68.56999969482422,68.56999969482422,68.23999786376953,68.5,231942
2023-09-11 16:30:00+00:00,68.66999816894531,68.7300033569336,68.51000213623047,68.55999755859375,178809
2023-09-11 17:30:00+00:00,68.61499786376953,68.75,68.5199966430664,68.66999816894531,192429
2023-09-11 18:30:00+00:00,68.44999694824219,68.62000274658203,68.37999725341797,68.61499786376953,316190
2023-09-11 19:30:00+00:00,68.66000366210938,68.69999694824219,68.3499984741211,68.43000030517578,682294
2023-09-12 13:30:00+00:00,69.05000305175781,69.11000061035156,68.18000030517578,68.29000091552734,261659
2023-09-12 14:30:00+00:00,69.12000274658203,69.12000274658203,68.70999908447266,69.04000091552734,116932
2023-09-12 15:30:00+00:00,69.0,69.16999816894531,68.94999694824219,69.12000274658203,74423
2023-09-12 16:30:00+00:00,68.66999816894531,69.0,68.53500366210938,68.98999786376953,285210
2023-09-12 17:30:00+00:00,68.23999786376953,68.7300033569336,68.05000305175781,68.69000244140625,453769
2023-09-12 18:30:00+00:00,68.19000244140625,68.4000015258789,68.08999633789062,68.23999786376953,322217
2023-09-12 19:30:00+00:00,68.33000183105469,68.33999633789062,67.95240020751953,68.20500183105469,884753
2023-09-13 13:30:00+00:00,67.36000061035156,68.4800033569336,67.12999725341797,68.0199966430664,392470
2023-09-13 14:30:00+00:00,67.43000030517578,67.44000244140625,67.16999816894531,67.37000274658203,172916
2023-09-13 15:30:00+00:00,66.79499816894531,67.45999908447266,66.76000213623047,67.44000244140625,179136
2023-09-13 16:30:00+00:00,66.20999908447266,66.86000061035156,66.12000274658203,66.80000305175781,390908
2023-09-13 17:30:00+00:00,65.31999969482422,66.26000213623047,65.19999694824219,66.20999908447266,416173
2023-09-13 18:30:00+00:00,65.33999633789062,65.77999877929688,65.22000122070312,65.31999969482422,482169
2023-09-13 19:30:00+00:00,65.72000122070312,65.87999725341797,65.33999633789062,65.33999633789062,950659
2023-09-14 13:30:00+00:00,66.31999969482422,66.98999786376953,66.0199966430664,66.43000030517578,528643
2023-09-14 14:30:00+00:00,66.07499694824219,66.50499725341797,66.0199966430664,66.2750015258789,244663
2023-09-14 15:30:00+00:00,66.05000305175781,66.0999984741211,65.7300033569336,66.08999633789062,176534
2023-09-14 16:30:00+00:00,66.23999786376953,66.30000305175781,66.02999877929688,66.05999755859375,184471
2023-09-14 17:30:00+00:00,66.44000244140625,66.5,66.22000122070312,66.25,174976
2023-09-14 18:30:00+00:00,66.54000091552734,66.66000366210938,66.44000244140625,66.44000244140625,201901
2023-09-14 19:30:00+00:00,66.55999755859375,66.66000366210938,66.4749984741211,66.55000305175781,420355
2023-09-15 13:30:00+00:00,66.37000274658203,66.62000274658203,65.5,66.29000091552734,507520
2023-09-15 14:30:00+00:00,66.05000305175781,66.33000183105469,65.831298828125,66.31999969482422,102390
2023-09-15 15:30:00+00:00,65.98500061035156,66.06999969482422,65.9000015258789,66.02999877929688,87338
2023-09-15 16:30:00+00:00,65.87999725341797,66.11000061035156,65.77749633789062,65.98500061035156,98216
2023-09-15 17:30:00+00:00,65.68000030517578,65.9800033569336,65.66999816894531,65.87000274658203,141111
2023-09-15 18:30:00+00:00,65.73999786376953,65.93000030517578,65.62000274658203,65.69000244140625,295332
2023-09-15 19:30:00+00:00,65.9000015258789,65.94000244140625,65.48500061035156,65.7300033569336,555121
2023-09-18 13:30:00+00:00,66.02999877929688,66.18000030517578,65.62000274658203,65.87999725341797,136248
2023-09-18 14:30:00+00:00,66.19000244140625,66.22000122070312,66.0199966430664,66.05000305175781,176048
2023-09-18 15:30:00+00:00,66.23999786376953,66.5,66.19999694824219,66.22000122070312,108563
2023-09-18 16:30:00+00:00,66.30999755859375,66.31999969482422,66.05000305175781,66.23999786376953,121149
2023-09-18 17:30:00+00:00,66.31500244140625,66.5,66.2699966430664,66.30999755859375,162003
2023-09-18 18:30:00+00:00,66.36499786376953,66.40499877929688,66.2249984741211,66.30000305175781,214622
2023-09-18 19:30:00+00:00,66.41000366210938,66.45999908447266,66.26000213623047,66.36000061035156,550556
2023-09-19 13:30:00+00:00,66.5199966430664,66.75,66.02999877929688,66.16999816894531,829146
2023-09-19 14:30:00+00:00,66.54000091552734,66.6500015258789,66.4000015258789,66.5,711947
2023-09-19 15:30:00+00:00,65.82499694824219,66.52999877929688,65.73999786376953,66.52999877929688,219643
2023-09-19 16:30:00+00:00,65.67500305175781,65.80999755859375,65.27999877929688,65.80999755859375,615294
2023-09-19 17:30:00+00:00,66.06999969482422,66.13999938964844,65.66000366210938,65.70500183105469,311666
2023-09-19 18:30:00+00:00,66.20999908447266,66.33999633789062,65.97000122070312,66.08000183105469,207755
2023-09-19 19:30:00+00:00,66.2300033569336,66.30000305175781,66.05999755859375,66.20500183105469,461882
2023-09-20 13:30:00+00:00,66.51000213623047,67.00499725341797,66.08999633789062,66.6500015258789,171258
2023-09-20 14:30:00+00:00,66.55000305175781,66.58000183105469,66.19000244140625,66.51499938964844,263569
2023-09-20 15:30:00+00:00,66.25499725341797,66.6449966430664,66.2300033569336,66.55999755859375,245239
2023-09-20 16:30:00+00:00,65.83000183105469,66.36000061035156,65.80999755859375,66.2699966430664,162567
2023-09-20 17:30:00+00:00,65.83999633789062,66.01000213623047,65.61000061035156,65.83000183105469,462808
2023-09-20 18:30:00+00:00,65.30000305175781,65.87999725341797,65.18000030517578,65.83999633789062,470342
2023-09-20 19:30:00+00:00,65.02999877929688,65.30699920654297,64.94999694824219,65.30000305175781,463509
2023-09-21 13:30:00+00:00,64.12999725341797,64.79000091552734,63.93000030517578,64.79000091552734,614483
2023-09-21 14:30:00+00:00,63.880001068115234,64.30999755859375,63.73500061035156,64.12000274658203,277814
2023-09-21 15:30:00+00:00,64.19000244140625,64.31999969482422,63.880001068115234,63.880001068115234,148940
2023-09-21 16:30:00+00:00,64.27999877929688,64.37000274658203,63.84000015258789,64.18659973144531,184127
2023-09-21 17:30:00+00:00,64.41000366210938,64.4800033569336,64.16999816894531,64.25,147215
2023-09-21 18:30:00+00:00,64.12999725341797,64.41000366210938,64.08000183105469,64.41000366210938,155496
2023-09-21 19:30:00+00:00,64.04499816894531,64.1500015258789,63.939998626708984,64.12999725341797,476309
2023-09-22 13:30:00+00:00,64.35530090332031,64.54000091552734,63.810001373291016,64.05999755859375,154631
2023-09-22 14:30:00+00:00,64.55500030517578,64.58000183105469,64.25129699707031,64.33000183105469,119618
2023-09-22 15:30:00+00:00,64.24500274658203,64.55500030517578,64.125,64.55500030517578,102240
2023-09-22 16:30:00+00:00,64.58999633789062,64.66000366210938,64.25,64.2699966430664,95899
2023-09-22 17:30:00+00:00,64.55999755859375,64.62999725341797,64.41999816894531,64.58999633789062,141167
2023-09-22 18:30:00+00:00,64.86900329589844,64.94000244140625,64.44999694824219,64.52999877929688,175323
2023-09-22 19:30:00+00:00,64.48999786376953,64.9000015258789,64.45999908447266,64.87999725341797,378345
2023-09-25 13:30:00+00:00,63.56999969482422,64.27999877929688,63.279998779296875,64.18000030517578,647287
2023-09-25 14:30:00+00:00,64.26000213623047,64.34500122070312,63.29999923706055,63.560001373291016,283991
2023-09-25 15:30:00+00:00,64.29000091552734,64.37999725341797,64.125,64.29000091552734,159319
2023-09-25 16:30:00+00:00,64.08000183105469,64.33499908447266,64.02999877929688,64.30000305175781,266691
2023-09-25 17:30:00+00:00,64.12000274658203,64.30000305175781,64.04000091552734,64.08000183105469,276189
2023-09-25 18:30:00+00:00,64.16699981689453,64.22000122070312,63.86000061035156,64.12000274658203,242817
2023-09-25 19:30:00+00:00,64.31999969482422,64.33000183105469,64.11000061035156,64.15499877929688,461268
2023-09-26 13:30:00+00:00,63.25,64.21499633789062,63.220001220703125,63.59000015258789,242600
2023-09-26 14:30:00+00:00,62.900001525878906,63.279998779296875,62.810001373291016,63.220001220703125,277453
2023-09-26 15:30:00+00:00,62.880001068115234,63.0,62.71500015258789,62.900001525878906,209043
2023-09-26 16:30:00+00:00,62.915000915527344,63.02000045776367,62.75,62.880001068115234,166636
2023-09-26 17:30:00+00:00,62.83000183105469,62.959999084472656,62.709999084472656,62.90999984741211,157939
2023-09-26 18:30:00+00:00,62.755001068115234,62.880001068115234,62.71500015258789,62.81010055541992,201081
2023-09-26 19:30:00+00:00,62.7599983215332,62.81999969482422,62.599998474121094,62.77000045776367,464551
2023-09-27 13:30:00+00:00,63.650001525878906,63.73500061035156,63.040000915527344,63.40999984741211,152558
2023-09-27 14:30:00+00:00,63.52000045776367,63.790000915527344,63.28689956665039,63.630001068115234,298364
2023-09-27 15:30:00+00:00,63.09000015258789,63.619998931884766,62.939998626708984,63.529998779296875,230292
2023-09-27 16:30:00+00:00,63.02000045776367,63.33000183105469,63.005001068115234,63.099998474121094,279269
2023-09-27 17:30:00+00:00,63.20000076293945,63.20000076293945,62.970001220703125,63.0099983215332,158796
2023-09-27 18:30:00+00:00,63.5,63.650001525878906,63.209999084472656,63.209999084472656,225355
2023-09-27 19:30:00+00:00,63.279998779296875,63.47999954223633,63.099998474121094,63.47999954223633,409311
2023-09-28 13:30:00+00:00,63.5,63.72999954223633,63.17499923706055,63.36000061035156,441743
2023-09-28 14:30:00+00:00,64.70999908447266,64.7300033569336,63.380001068115234,63.47999954223633,249925
2023-09-28 15:30:00+00:00,64.68000030517578,64.77999877929688,64.47000122070312,64.7300033569336,241841
2023-09-28 16:30:00+00:00,64.36000061035156,64.7300033569336,64.3499984741211,64.69000244140625,110328
2023-09-28 17:30:00+00:00,64.2699966430664,64.3499984741211,64.16999816894531,64.3499984741211,105418
2023-09-28 18:30:00+00:00,64.38500213623047,64.40499877929688,64.0,64.2699966430664,142111
2023-09-28 19:30:00+00:00,64.27999877929688,64.4000015258789,64.08999633789062,64.38999938964844,494521
2023-09-29 13:30:00+00:00,64.4000015258789,65.1449966430664,64.1449966430664,64.77999877929688,670187
2023-09-29 14:30:00+00:00,64.02999877929688,64.5,63.9900016784668,64.4000015258789,442799
2023-09-29 15:30:00+00:00,63.974998474121094,64.12000274658203,63.79999923706055,64.03500366210938,211061
2023-09-29 16:30:00+00:00,63.650001525878906,64.01499938964844,63.43000030517578,63.97999954223633,225528
2023-09-29 17:30:00+00:00,63.61000061035156,63.83000183105469,63.564998626708984,63.64500045776367,272286
2023-09-29 18:30:00+00:00,63.900001525878906,64.05999755859375,63.59000015258789,63.61000061035156,259682
2023-09-29 19:30:00+00:00,63.720001220703125,63.95000076293945,63.52000045776367,63.88999938964844,624749
2023-10-02 13:30:00+00:00,64.0199966430664,64.26000213623047,63.279998779296875,63.56999969482422,288898
2023-10-02 14:30:00+00:00,64.13999938964844,64.18900299072266,63.744998931884766,64.0199966430664,191301
2023-10-02 15:30:00+00:00,63.59000015258789,64.20079803466797,63.505001068115234,64.16999816894531,161689
2023-10-02 16:30:00+00:00,63.72999954223633,63.77000045776367,63.36000061035156,63.57500076293945,199579
2023-10-02 17:30:00+00:00,63.59000015258789,63.95500183105469,63.58000183105469,63.724998474121094,380764
2023-10-02 18:30:00+00:00,63.6349983215332,63.68000030517578,63.349998474121094,63.599998474121094,261088
2023-10-02 19:30:00+00:00,63.599998474121094,63.720001220703125,63.529998779296875,63.619998931884766,569832
2023-10-03 13:30:00+00:00,62.733699798583984,63.415000915527344,62.689998626708984,63.25,660346
2023-10-03 14:30:00+00:00,62.380001068115234,62.77000045776367,62.15999984741211,62.70000076293945,657624
2023-10-03 15:30:00+00:00,62.52000045776367,62.619998931884766,62.13999938964844,62.369998931884766,296060
2023-10-03 16:30:00+00:00,62.608001708984375,62.75,62.487300872802734,62.5099983215332,227882
2023-10-03 17:30:00+00:00,62.36000061035156,62.59000015258789,62.33000183105469,62.59000015258789,153474
2023-10-03 18:30:00+00:00,62.72999954223633,62.84000015258789,62.349998474121094,62.349998474121094,205446
2023-10-03 19:30:00+00:00,62.880001068115234,63.02000045776367,62.665000915527344,62.72999954223633,466356
2023-10-04 13:30:00+00:00,62.3650016784668,63.369998931884766,62.3650016784668,62.79999923706055,182456
2023-10-04 14:30:00+00:00,62.744998931884766,62.744998931884766,62.34000015258789,62.34000015258789,134233
2023-10-04 15:30:00+00:00,63.18000030517578,63.20000076293945,62.619998931884766,62.72999954223633,151049
2023-10-04 16:30:00+00:00,62.96500015258789,63.29999923706055,62.93000030517578,63.189998626708984,164420
2023-10-04 17:30:00+00:00,62.709999084472656,63.0099983215332,62.59000015258789,62.970001220703125,171086
2023-10-04 18:30:00+00:00,63.19499969482422,63.19900131225586,62.70000076293945,62.70500183105469,367724
2023-10-04 19:30:00+00:00,63.22999954223633,63.439998626708984,63.15999984741211,63.20500183105469,326063
2023-10-05 13:30:00+00:00,63.005001068115234,63.58000183105469,62.90999984741211,63.380001068115234,201717
2023-10-05 14:30:00+00:00,62.44499969482422,63.029998779296875,62.43000030517578,63.0,139430
2023-10-05 15:30:00+00:00,62.560001373291016,62.58000183105469,62.380001068115234,62.40999984741211,274072
2023-10-05 16:30:00+00:00,62.400001525878906,62.63999938964844,62.20000076293945,62.56999969482422,333366
2023-10-05 17:30:00+00:00,62.58000183105469,62.689998626708984,62.310001373291016,62.400001525878906,362057
2023-10-05 18:30:00+00:00,62.72999954223633,62.79999923706055,62.435001373291016,62.584999084472656,279846
2023-10-05 19:30:00+00:00,62.83000183105469,62.97999954223633,62.720001220703125,62.73500061035156,689399
2023-10-06 13:30:00+00:00,62.630001068115234,62.939998626708984,62.13999938964844,62.459999084472656,169250
2023-10-06 14:30:00+00:00,62.935001373291016,63.040000915527344,62.59000015258789,62.65999984741211,223773
2023-10-06 15:30:00+00:00,63.375,63.59000015258789,62.939998626708984,62.939998626708984,246475
2023-10-06 16:30:00+00:00,63.560001373291016,63.59000015258789,63.22999954223633,63.375,165641
2023-10-06 17:30:00+00:00,63.79999923706055,63.81999969482422,63.560001373291016,63.560001373291016,137220
2023-10-06 18:30:00+00:00,63.7400016784668,63.91999816894531,63.560001373291016,63.810001373291016,168214
2023-10-06 19:30:00+00:00,63.439998626708984,63.790000915527344,63.40999984741211,63.7400016784668,320547
2023-10-09 13:30:00+00:00,63.18000030517578,63.33000183105469,62.5099983215332,63.27000045776367,168237
2023-10-09 14:30:00+00:00,63.310001373291016,63.349998474121094,63.029998779296875,63.224998474121094,79954
2023-10-09 15:30:00+00:00,63.380001068115234,63.52000045776367,63.209999084472656,63.310001373291016,122878
2023-10-09 16:30:00+00:00,63.47999954223633,63.619998931884766,63.369998931884766,63.38999938964844,185033
2023-10-09 17:30:00+00:00,64.08000183105469,64.09500122070312,63.5,63.5,163349
2023-10-09 18:30:00+00:00,64.20999908447266,64.23999786376953,64.0199966430664,64.08000183105469,286781
2023-10-09 19:30:00+00:00,64.0999984741211,64.26000213623047,64.01000213623047,64.20500183105469,364646
2023-10-10 13:30:00+00:00,64.72000122070312,64.83000183105469,63.790000915527344,64.1500015258789,256931
2023-10-10 14:30:00+00:00,64.94000244140625,64.95999908447266,64.58000183105469,64.73999786376953,165682
2023-10-10 15:30:00+00:00,65.19000244140625,65.2699966430664,64.80000305175781,64.94000244140625,157981
2023-10-10 16:30:00+00:00,64.86000061035156,65.25,64.70999908447266,65.20999908447266,222889
2023-10-10 17:30:00+00:00,64.77999877929688,64.91000366210938,64.70999908447266,64.87000274658203,120548
2023-10-10 18:30:00+00:00,64.66000366210938,64.91999816894531,64.58200073242188,64.7699966430664,176865
2023-10-10 19:30:00+00:00,64.69999694824219,64.83000183105469,64.61000061035156,64.66500091552734,272878
2023-10-11 13:30:00+00:00,65.08999633789062,65.375,64.83000183105469,64.87000274658203,187291
2023-10-11 14:30:00+00:00,65.25,65.37999725341797,65.00199890136719,65.12999725341797,219031
2023-10-11 15:30:00+00:00,65.30000305175781,65.58999633789062,65.16999816894531,65.26000213623047,222398
2023-10-11 16:30:00+00:00,65.30000305175781,65.37000274658203,62.2400016784668,65.29000091552734,290020
2023-10-11 17:30:00+00:00,65.55000305175781,65.62999725341797,65.16999816894531,65.27999877929688,142518
2023-10-11 18:30:00+00:00,65.80000305175781,65.80999755859375,65.54000091552734,65.54000091552734,285645
2023-10-11 19:30:00+00:00,65.98999786376953,66.07499694824219,65.7699966430664,65.79000091552734,596393
2023-10-12 13:30:00+00:00,66.27999877929688,66.31999969482422,65.61000061035156,66.13999938964844,212441
2023-10-12 14:30:00+00:00,66.6500015258789,66.7300033569336,66.22000122070312,66.29000091552734,374505
2023-10-12 15:30:00+00:00,66.73999786376953,66.76000213623047,66.55000305175781,66.6500015258789,215117
2023-10-12 16:30:00+00:00,66.02999877929688,66.79000091552734,66.0,66.75,521561
2023-10-12 17:30:00+00:00,65.7300033569336,66.05000305175781,65.44499969482422,66.0199966430664,267829
2023-10-12 18:30:00+00:00,66.02999877929688,66.08000183105469,65.69999694824219,65.70999908447266,263536
2023-10-12 19:30:00+00:00,66.05999755859375,66.19999694824219,65.9749984741211,66.03500366210938,433863
2023-10-13 13:30:00+00:00,65.30000305175781,66.44999694824219,64.97000122070312,66.20999908447266,258957
2023-10-13 14:30:00+00:00,64.19999694824219,65.5250015258789,64.12000274658203,65.30000305175781,215027
2023-10-13 15:30:00+00:00,64.44000244140625,64.47000122070312,63.86000061035156,64.19000244140625,195166
2023-10-13 16:30:00+00:00,63.51499938964844,64.50499725341797,63.470001220703125,64.44999694824219,213754
2023-10-13 17:30:00+00:00,63.70000076293945,63.84000015258789,63.380001068115234,63.470001220703125,244827
2023-10-13 18:30:00+00:00,64.01499938964844,64.02999877929688,63.630001068115234,63.71500015258789,278785
2023-10-13 19:30:00+00:00,64.2300033569336,64.23999786376953,63.86000061035156,64.0199966430664,572077
2023-10-16 13:30:00+00:00,65.22000122070312,65.51000213623047,64.7699966430664,64.9000015258789,189444
2023-10-16 14:30:00+00:00,65.09220123291016,65.48500061035156,65.06999969482422,65.27999877929688,143098
2023-10-16 15:30:00+00:00,64.7582015991211,65.16000366210938,64.68499755859375,65.11000061035156,108699
2023-10-16 16:30:00+00:00,64.61000061035156,64.91899871826172,64.47000122070312,64.76000213623047,111512
2023-10-16 17:30:00+00:00,64.58000183105469,64.80999755859375,64.56999969482422,64.61000061035156,99114
2023-10-16 18:30:00+00:00,64.97000122070312,64.97000122070312,64.54000091552734,64.56999969482422,107431
2023-10-16 19:30:00+00:00,64.94999694824219,65.06500244140625,64.82499694824219,64.97000122070312,363803
2023-10-17 13:30:00+00:00,65.48999786376953,65.63999938964844,64.44000244140625,64.68000030517578,148144
2023-10-17 14:30:00+00:00,65.93000030517578,65.94000244140625,65.38999938964844,65.48999786376953,212822
2023-10-17 15:30:00+00:00,66.25,66.33999633789062,65.90499877929688,65.94000244140625,171929
2023-10-17 16:30:00+00:00,65.87999725341797,66.26000213623047,65.79000091552734,66.23999786376953,110281
2023-10-17 17:30:00+00:00,65.86499786376953,65.97000122070312,65.69999694824219,65.88500213623047,138500
2023-10-17 18:30:00+00:00,65.8499984741211,66.01000213623047,65.66000366210938,65.85399627685547,156858
2023-10-17 19:30:00+00:00,65.68000030517578,65.87899780273438,65.58999633789062,65.87000274658203,250131
2023-10-18 13:30:00+00:00,62.90999984741211,64.77999877929688,62.83000183105469,64.77999877929688,310248
2023-10-18 14:30:00+00:00,62.7400016784668,62.91999816894531,62.38999938964844,62.900001525878906,299993
2023-10-18 15:30:00+00:00,62.68000030517578,63.13999938964844,62.61000061035156,62.7400016784668,222104
2023-10-18 16:30:00+00:00,62.959999084472656,63.09000015258789,62.625,62.665000915527344,393525
2023-10-18 17:30:00+00:00,62.939998626708984,63.119998931884766,62.75,62.939998626708984,471800
2023-10-18 18:30:00+00:00,62.40999984741211,63.029998779296875,62.33000183105469,62.95000076293945,675745
2023-10-18 19:30:00+00:00,62.40999984741211,62.52000045776367,62.279998779296875,62.40999984741211,834268
2023-10-19 13:30:00+00:00,62.849998474121094,63.32500076293945,62.2599983215332,62.40999984741211,980256
2023-10-19 14:30:00+00:00,62.72999954223633,62.869998931884766,62.34000015258789,62.81999969482422,170762
2023-10-19 15:30:00+00:00,62.540000915527344,63.06999969482422,62.4900016784668,62.75,279376
2023-10-19 16:30:00+00:00,62.701499938964844,62.93000030517578,62.11000061035156,62.540000915527344,276606
2023-10-19 17:30:00+00:00,61.880001068115234,62.56999969482422,61.81999969482422,62.56999969482422,394628
2023-10-19 18:30:00+00:00,61.08000183105469,61.86000061035156,61.02000045776367,61.86000061035156,395291
2023-10-19 19:30:00+00:00,61.220001220703125,61.349998474121094,60.974998474121094,61.06999969482422,500396
2023-10-20 13:30:00+00:00,60.439998626708984,61.439998626708984,60.25,61.20000076293945,470564
2023-10-20 14:30:00+00:00,60.279998779296875,60.560001373291016,60.209999084472656,60.439998626708984,328861
2023-10-20 15:30:00+00:00,60.61000061035156,60.75,60.20000076293945,60.27000045776367,168451
2023-10-20 16:30:00+00:00,61.099998474121094,61.20000076293945,60.619998931884766,60.619998931884766,200052
2023-10-20 17:30:00+00:00,60.65999984741211,61.25,60.63999938964844,61.119998931884766,179849
2023-10-20 18:30:00+00:00,60.709999084472656,60.81999969482422,60.56629943847656,60.63999938964844,212036
2023-10-20 19:30:00+00:00,60.40999984741211,60.7400016784668,60.290000915527344,60.71070098876953,626382
2023-10-23 13:30:00+00:00,60.68000030517578,60.77000045776367,59.97999954223633,60.34000015258789,297056
2023-10-23 14:30:00+00:00,60.38999938964844,60.72999954223633,60.11000061035156,60.66999816894531,403813
2023-10-23 15:30:00+00:00,60.349998474121094,60.529998779296875,60.040000915527344,60.369998931884766,347432
2023-10-23 16:30:00+00:00,60.29999923706055,60.61000061035156,60.220001220703125,60.349998474121094,245888
2023-10-23 17:30:00+00:00,59.84000015258789,60.36000061035156,59.814998626708984,60.290000915527344,359591
2023-10-23 18:30:00+00:00,59.52000045776367,60.060001373291016,59.5,59.849998474121094,399753
2023-10-23 19:30:00+00:00,59.279998779296875,59.560001373291016,59.27000045776367,59.5099983215332,931580
2023-10-24 13:30:00+00:00,60.3849983215332,60.65999984741211,59.790000915527344,60.529998779296875,737926
2023-10-24 14:30:00+00:00,59.88740158081055,60.5,59.849998474121094,60.435001373291016,421223
2023-10-24 15:30:00+00:00,59.97999954223633,60.040000915527344,59.45000076293945,59.84000015258789,483123
2023-10-24 16:30:00+00:00,59.79499816894531,60.029998779296875,59.720001220703125,59.97999954223633,294276
2023-10-24 17:30:00+00:00,59.84000015258789,59.869998931884766,59.54499816894531,59.79999923706055,230513
2023-10-24 18:30:00+00:00,59.869998931884766,60.0,59.810001373291016,59.845001220703125,289368
2023-10-24 19:30:00+00:00,59.68000030517578,59.93000030517578,59.66999816894531,59.880001068115234,627841
2023-10-25 13:30:00+00:00,59.92499923706055,60.47999954223633,59.349998474121094,59.349998474121094,802581
2023-10-25 14:30:00+00:00,60.130001068115234,60.22999954223633,59.83000183105469,59.93000030517578,823538
2023-10-25 15:30:00+00:00,59.790000915527344,60.150001525878906,59.744998931884766,60.130001068115234,232235
2023-10-25 16:30:00+00:00,59.474998474121094,59.91999816894531,59.31999969482422,59.790000915527344,237934
2023-10-25 17:30:00+00:00,59.400001525878906,59.494998931884766,59.25,59.459999084472656,320217
2023-10-25 18:30:00+00:00,59.5099983215332,59.52000045776367,59.290000915527344,59.400001525878906,346683
2023-10-25 19:30:00+00:00,59.36000061035156,59.529998779296875,59.279998779296875,59.5099983215332,917364
2023-10-26 13:30:00+00:00,60.18000030517578,60.380001068115234,59.439998626708984,59.7400016784668,401205
2023-10-26 14:30:00+00:00,60.3849983215332,60.77000045776367,59.939998626708984,60.165000915527344,488557
2023-10-26 15:30:00+00:00,60.0099983215332,60.5099983215332,59.83000183105469,60.400001525878906,346204
2023-10-26 16:30:00+00:00,59.97999954223633,60.15999984741211,59.849998474121094,60.0099983215332,198477
2023-10-26 17:30:00+00:00,60.26499938964844,60.369998931884766,59.849998474121094,59.97999954223633,228408
2023-10-26 18:30:00+00:00,60.209999084472656,60.540000915527344,60.20500183105469,60.27000045776367,332928
2023-10-26 19:30:00+00:00,59.880001068115234,60.20000076293945,59.81999969482422,60.20000076293945,597239
2023-10-27 13:30:00+00:00,60.04999923706055,60.16999816894531,59.70000076293945,60.0,398672
2023-10-27 14:30:00+00:00,60.220001220703125,60.290000915527344,59.91999816894531,60.04499816894531,573970
2023-10-27 15:30:00+00:00,59.810001373291016,60.209999084472656,59.72999954223633,60.209999084472656,182795
2023-10-27 16:30:00+00:00,59.61000061035156,59.98189926147461,59.490501403808594,59.79999923706055,351583
2023-10-27 17:30:00+00:00,59.349998474121094,59.650001525878906,59.31999969482422,59.61000061035156,194966
2023-10-27 18:30:00+00:00,59.474998474121094,59.630001068115234,59.310001373291016,59.369998931884766,213557
2023-10-27 19:30:00+00:00,59.380001068115234,59.4900016784668,59.20000076293945,59.47999954223633,319364
2023-10-30 13:30:00+00:00,59.709999084472656,60.04999923706055,59.50699996948242,60.02000045776367,363754
2023-10-30 14:30:00+00:00,59.86000061035156,60.02000045776367,59.57500076293945,59.689998626708984,462343
2023-10-30 15:30:00+00:00,60.08000183105469,60.2400016784668,59.869998931884766,59.880001068115234,458348
2023-10-30 16:30:00+00:00,60.45000076293945,60.472599029541016,59.9900016784668,60.060001373291016,2064003
2023-10-30 17:30:00+00:00,60.46500015258789,60.599998474121094,60.349998474121094,60.470001220703125,303721
2023-10-30 18:30:00+00:00,60.599998474121094,60.68170166015625,60.470001220703125,60.470001220703125,269181
2023-10-30 19:30:00+00:00,60.56999969482422,60.790000915527344,60.529998779296875,60.61000061035156,479630
2023-10-31 13:30:00+00:00,60.540000915527344,60.959999084472656,60.18000030517578,60.22999954223633,408427
2023-10-31 14:30:00+00:00,60.41999816894531,60.59000015258789,60.28499984741211,60.54499816894531,423161
2023-10-31 15:30:00+00:00,60.650001525878906,60.77000045776367,60.41999816894531,60.43000030517578,431184
2023-10-31 16:30:00+00:00,60.56999969482422,60.81999969482422,60.43000030517578,60.70000076293945,557605
2023-10-31 17:30:00+00:00,60.52000045776367,60.79499816894531,60.52000045776367,60.57099914550781,396628
2023-10-31 18:30:00+00:00,60.790000915527344,60.81999969482422,60.52000045776367,60.529998779296875,329081
2023-10-31 19:30:00+00:00,60.68000030517578,60.88999938964844,60.68000030517578,60.779998779296875,610698
2023-11-01 13:30:00+00:00,61.12080001831055,61.16999816894531,60.34000015258789,60.75,539277
2023-11-01 14:30:00+00:00,60.8849983215332,61.189998626708984,60.779998779296875,61.130001068115234,518123
2023-11-01 15:30:00+00:00,60.88999938964844,61.064701080322266,60.849998474121094,60.8849983215332,374565
2023-11-01 16:30:00+00:00,60.7599983215332,60.9900016784668,60.720001220703125,60.900001525878906,313535
2023-11-01 17:30:00+00:00,61.1349983215332,61.150001525878906,60.709999084472656,60.72999954223633,660126
2023-11-01 18:30:00+00:00,61.619998931884766,61.709999084472656,60.8849983215332,61.1349983215332,1069925
2023-11-01 19:30:00+00:00,61.9900016784668,62.02000045776367,61.529998779296875,61.619998931884766,1184267
2023-11-02 13:30:00+00:00,65.55999755859375,65.71499633789062,62.119998931884766,62.25,1288196
2023-11-02 14:30:00+00:00,66.16999816894531,66.20999908447266,65.31700134277344,65.58000183105469,800925
2023-11-02 15:30:00+00:00,65.5,66.25499725341797,65.44999694824219,66.18000030517578,552584
2023-11-02 16:30:00+00:00,65.67500305175781,65.67500305175781,65.43000030517578,65.5,416089
2023-11-02 17:30:00+00:00,65.91999816894531,66.13999938964844,65.69499969482422,65.69499969482422,234528
2023-11-02 18:30:00+00:00,65.80999755859375,66.26000213623047,65.7699966430664,65.93000030517578,446752
2023-11-02 19:30:00+00:00,65.58999633789062,65.81999969482422,65.55999755859375,65.80999755859375,816575
2023-11-03 13:30:00+00:00,65.88500213623047,67.18000030517578,65.67749786376953,66.87999725341797,440694
2023-11-03 14:30:00+00:00,66.09500122070312,66.1500015258789,65.6500015258789,65.88500213623047,355332
2023-11-03 15:30:00+00:00,66.16999816894531,66.41999816894531,66.0999984741211,66.12000274658203,433531
2023-11-03 16:30:00+00:00,65.86000061035156,66.21499633789062,65.77999877929688,66.18000030517578,188061
2023-11-03 17:30:00+00:00,66.25,66.26000213623047,65.87000274658203,65.87000274658203,202190
2023-11-03 18:30:00+00:00,65.76000213623047,66.4000015258789,65.75,66.23999786376953,413997
2023-11-03 19:30:00+00:00,65.33999633789062,65.76000213623047,65.30000305175781,65.76000213623047,723898
2023-11-06 14:30:00+00:00,65.16500091552734,65.52999877929688,64.87000274658203,65.33999633789062,400778
2023-11-06 15:30:00+00:00,65.06999969482422,65.24500274658203,64.93000030517578,65.18000030517578,395952
2023-11-06 16:30:00+00:00,65.0,65.13999938964844,64.93000030517578,65.06999969482422,271342
2023-11-06 17:30:00+00:00,64.81999969482422,65.08000183105469,64.69000244140625,65.0,314704
2023-11-06 18:30:00+00:00,65.04000091552734,65.13500213623047,64.77999877929688,64.80999755859375,301891
2023-11-06 19:30:00+00:00,65.2249984741211,65.2750015258789,64.94999694824219,65.04000091552734,438996
2023-11-06 20:30:00+00:00,65.25,65.3499984741211,65.16000366210938,65.2249984741211,865296
2023-11-07 14:30:00+00:00,64.9800033569336,65.01499938964844,64.5999984741211,64.91000366210938,214405
2023-11-07 15:30:00+00:00,65.41000366210938,65.43000030517578,64.91999816894531,64.95999908447266,194652
2023-11-07 16:30:00+00:00,65.62999725341797,65.6500015258789,65.41000366210938,65.41999816894531,152634
2023-11-07 17:30:00+00:00,65.76000213623047,65.87999725341797,65.54000091552734,65.62999725341797,190670
2023-11-07 18:30:00+00:00,65.80999755859375,65.86000061035156,65.52999877929688,65.75,195663
2023-11-07 19:30:00+00:00,65.56999969482422,65.86000061035156,65.55999755859375,65.80999755859375,252710
2023-11-07 20:30:00+00:00,66.01000213623047,66.01000213623047,65.56500244140625,65.58000183105469,707816
2023-11-08 14:30:00+00:00,65.91999816894531,66.58000183105469,65.83000183105469,66.11000061035156,252753
2023-11-08 15:30:00+00:00,65.70500183105469,66.03500366210938,65.51000213623047,65.91999816894531,266276
2023-11-08 16:30:00+00:00,65.80000305175781,65.89250183105469,65.5,65.69000244140625,260110
2023-11-08 17:30:00+00:00,66.02999877929688,66.12999725341797,65.73999786376953,65.79000091552734,417516
2023-11-08 18:30:00+00:00,66.16000366210938,66.18000030517578,66.0,66.0199966430664,180938
2023-11-08 19:30:00+00:00,66.0824966430664,66.2699966430664,66.02999877929688,66.16000366210938,252183
2023-11-08 20:30:00+00:00,66.05999755859375,66.2300033569336,66.01000213623047,66.08499908447266,556424
2023-11-09 14:30:00+00:00,67.67500305175781,67.69999694824219,66.30000305175781,66.7699966430664,806567
2023-11-09 15:30:00+00:00,67.73999786376953,67.81999969482422,67.44999694824219,67.67500305175781,724625
2023-11-09 16:30:00+00:00,67.52999877929688,67.77999877929688,67.41000366210938,67.73500061035156,248692
2023-11-09 17:30:00+00:00,67.56999969482422,67.69499969482422,67.30000305175781,67.5199966430664,248974
2023-11-09 18:30:00+00:00,67.41999816894531,67.5999984741211,67.31999969482422,67.55000305175781,345718
2023-11-09 19:30:00+00:00,67.05999755859375,67.41000366210938,66.33000183105469,67.41000366210938,731379
2023-11-09 20:30:00+00:00,67.02999877929688,67.125,66.81999969482422,67.06999969482422,553597
2023-11-10 14:30:00+00:00,67.36000061035156,67.83999633789062,66.98999786376953,66.98999786376953,295921
2023-11-10 15:30:00+00:00,67.80000305175781,67.88999938964844,67.22000122070312,67.38999938964844,367931
2023-11-10 16:30:00+00:00,67.7699966430664,67.93000030517578,67.76000213623047,67.81500244140625,233396
2023-11-10 17:30:00+00:00,67.9520034790039,68.12000274658203,67.7699966430664,67.7699966430664,204404
2023-11-10 18:30:00+00:00,68.05000305175781,68.11000061035156,67.95999908447266,67.95999908447266,151316
2023-11-10 19:30:00+00:00,68.31999969482422,68.31999969482422,68.05000305175781,68.05000305175781,286554
2023-11-10 20:30:00+00:00,68.3499984741211,68.36000061035156,68.2300033569336,68.31999969482422,590332
2023-11-13 14:30:00+00:00,68.1500015258789,68.44000244140625,68.05999755859375,68.1500015258789,481392
2023-11-13 15:30:00+00:00,68.70999908447266,68.70999908447266,68.12000274658203,68.1500015258789,291415
2023-11-13 16:30:00+00:00,69.02999877929688,69.05000305175781,68.66000366210938,68.69999694824219,408009
2023-11-13 17:30:00+00:00,69.12249755859375,69.29000091552734,68.91999816894531,69.02999877929688,775935
2023-11-13 18:30:00+00:00,69.2699966430664,69.33999633789062,69.01499938964844,69.11000061035156,375978
2023-11-13 19:30:00+00:00,69.18000030517578,69.29000091552734,68.97000122070312,69.2699966430664,461241
2023-11-13 20:30:00+00:00,68.8499984741211,69.20999908447266,68.73999786376953,69.19000244140625,1412131
2023-11-14 14:30:00+00:00,70.05999755859375,70.0999984741211,69.31999969482422,69.7699966430664,365089
2023-11-14 15:30:00+00:00,69.84500122070312,70.12000274658203,69.76000213623047,70.05999755859375,277793
2023-11-14 16:30:00+00:00,69.58000183105469,70.0,69.4749984741211,69.8499984741211,236652
2023-11-14 17:30:00+00:00,69.66000366210938,69.77999877929688,69.52999877929688,69.58999633789062,181502
2023-11-14 18:30:00+00:00,69.83999633789062,69.87000274658203,69.63999938964844,69.66000366210938,205904
2023-11-14 19:30:00+00:00,69.8499984741211,70.08499908447266,69.79000091552734,69.83999633789062,450567
2023-11-14 20:30:00+00:00,69.66000366210938,69.83999633789062,69.44999694824219,69.83000183105469,602105
2023-11-15 14:30:00+00:00,69.93000030517578,70.22000122070312,69.29000091552734,69.66000366210938,348277
2023-11-15 15:30:00+00:00,69.7699966430664,70.02749633789062,69.56500244140625,69.94499969482422,448200
2023-11-15 16:30:00+00:00,69.80999755859375,69.88999938964844,69.51000213623047,69.76000213623047,240931
2023-11-15 17:30:00+00:00,69.69999694824219,69.94999694824219,69.55000305175781,69.81500244140625,181511
2023-11-15 18:30:00+00:00,69.75,69.86000061035156,69.62000274658203,69.69000244140625,194766
2023-11-15 19:30:00+00:00,69.8949966430664,69.9000015258789,69.66000366210938,69.76000213623047,313537
2023-11-15 20:30:00+00:00,69.72000122070312,69.94000244140625,69.69000244140625,69.8949966430664,459004
2023-11-16 14:30:00+00:00,70.3499984741211,70.61000061035156,69.76000213623047,69.8949966430664,199041
2023-11-16 15:30:00+00:00,70.08999633789062,70.41000366210938,70.05000305175781,70.3499984741211,167348
2023-11-16 16:30:00+00:00,69.96900177001953,70.16999816894531,69.83000183105469,70.08000183105469,188825
2023-11-16 17:30:00+00:00,70.01000213623047,70.12999725341797,69.93499755859375,69.96499633789062,184180
2023-11-16 18:30:00+00:00,69.94000244140625,70.12000274658203,69.91000366210938,70.04000091552734,182268
2023-11-16 19:30:00+00:00,70.05999755859375,70.19000244140625,69.94499969482422,69.94499969482422,182400
2023-11-16 20:30:00+00:00,70.2300033569336,70.29000091552734,69.98500061035156,70.05000305175781,330092
2023-11-17 14:30:00+00:00,70.36000061035156,70.6500015258789,70.1500015258789,70.6500015258789,204626
2023-11-17 15:30:00+00:00,70.13999938964844,70.43499755859375,70.12000274658203,70.37000274658203,148659
2023-11-17 16:30:00+00:00,69.94999694824219,70.1449966430664,69.91999816894531,70.13500213623047,242611
2023-11-17 17:30:00+00:00,70.01000213623047,70.02999877929688,69.84410095214844,69.95999908447266,129552
2023-11-17 18:30:00+00:00,70.08699798583984,70.2699966430664,70.0,70.02999877929688,154174
2023-11-17 19:30:00+00:00,70.37000274658203,70.38999938964844,70.05000305175781,70.08999633789062,145115
2023-11-17 20:30:00+00:00,70.31999969482422,70.49500274658203,70.23999786376953,70.4000015258789,399893
2023-11-20 14:30:00+00:00,70.37999725341797,70.5199966430664,70.0999984741211,70.41999816894531,239416
2023-11-20 15:30:00+00:00,70.20999908447266,70.4749984741211,70.16500091552734,70.375,323926
2023-11-20 16:30:00+00:00,70.19999694824219,70.24500274658203,69.95999908447266,70.20999908447266,299029
2023-11-20 17:30:00+00:00,70.38999938964844,70.41999816894531,70.19000244140625,70.19629669189453,189842
2023-11-20 18:30:00+00:00,70.30500030517578,70.41500091552734,70.25499725341797,70.38999938964844,124848
2023-11-20 19:30:00+00:00,70.52999877929688,70.52999877929688,70.2750015258789,70.30500030517578,182225
2023-11-20 20:30:00+00:00,70.41000366210938,70.62000274658203,70.36499786376953,70.54000091552734,391296
2023-11-21 14:30:00+00:00,70.5999984741211,70.77999877929688,70.24500274658203,70.25,224162
2023-11-21 15:30:00+00:00,70.52999877929688,70.63999938964844,70.33999633789062,70.5999984741211,148092
2023-11-21 16:30:00+00:00,70.5199966430664,70.6500015258789,70.4749984741211,70.55000305175781,98832
2023-11-21 17:30:00+00:00,70.63999938964844,70.81999969482422,70.52999877929688,70.52999877929688,119109
2023-11-21 18:30:00+00:00,70.52999877929688,70.72000122070312,70.5,70.66000366210938,210055
2023-11-21 19:30:00+00:00,70.75499725341797,70.80000305175781,70.4800033569336,70.52999877929688,201459
2023-11-21 20:30:00+00:00,70.5199966430664,70.76000213623047,70.48999786376953,70.75,347947
2023-11-22 14:30:00+00:00,70.7300033569336,70.97000122070312,70.43000030517578,70.66000366210938,223273
2023-11-22 15:30:00+00:00,70.63999938964844,70.83999633789062,70.5,70.72000122070312,176887
2023-11-22 16:30:00+00:00,70.83000183105469,70.94999694824219,70.66999816894531,70.68370056152344,259990
2023-11-22 17:30:00+00:00,70.82499694824219,70.90499877929688,70.66439819335938,70.83000183105469,149105
2023-11-22 18:30:00+00:00,70.7874984741211,70.94000244140625,70.71499633789062,70.83000183105469,144934
2023-11-22 19:30:00+00:00,70.73999786376953,70.77999877929688,70.5,70.77999877929688,192984
2023-11-22 20:30:00+00:00,70.69999694824219,70.80999755859375,70.69000244140625,70.73999786376953,277712
2023-11-24 14:30:00+00:00,71.18000030517578,71.25,70.5999984741211,70.83000183105469,148088
2023-11-24 15:30:00+00:00,71.16000366210938,71.30500030517578,71.03199768066406,71.19499969482422,122612
2023-11-24 16:30:00+00:00,71.08000183105469,71.22000122070312,71.08000183105469,71.1500015258789,131545
2023-11-27 14:30:00+00:00,70.66999816894531,71.30000305175781,70.6500015258789,71.30000305175781,304996
2023-11-27 15:30:00+00:00,70.97000122070312,70.9800033569336,70.66999816894531,70.66999816894531,190310
2023-11-27 16:30:00+00:00,70.91000366210938,71.12999725341797,70.9000015258789,70.95999908447266,168735
2023-11-27 17:30:00+00:00,70.95999908447266,71.05000305175781,70.90499877929688,70.90499877929688,126568
2023-11-27 18:30:00+00:00,71.05999755859375,71.12999725341797,70.94000244140625,70.95999908447266,114510
2023-11-27 19:30:00+00:00,71.16000366210938,71.16999816894531,70.875,71.06500244140625,142920
2023-11-27 20:30:00+00:00,70.7699966430664,71.2249984741211,70.76000213623047,71.16500091552734,489106
2023-11-28 14:30:00+00:00,70.72000122070312,70.93499755859375,70.56999969482422,70.86000061035156,312431
2023-11-28 15:30:00+00:00,71.06999969482422,71.20999908447266,70.71499633789062,70.72100067138672,400271
2023-11-28 16:30:00+00:00,70.6449966430664,71.23999786376953,70.58000183105469,71.06999969482422,135381
2023-11-28 17:30:00+00:00,70.12999725341797,70.73500061035156,70.06999969482422,70.6500015258789,259845
2023-11-28 18:30:00+00:00,70.18000030517578,70.30999755859375,69.87999725341797,70.12999725341797,302685
2023-11-28 19:30:00+00:00,69.78500366210938,70.25499725341797,69.76499938964844,70.19000244140625,383266
2023-11-28 20:30:00+00:00,69.63999938964844,69.95999908447266,69.63999938964844,69.79900360107422,614452
2023-11-29 14:30:00+00:00,69.83999633789062,70.4000015258789,69.61000061035156,70.20999908447266,277089
2023-11-29 15:30:00+00:00,69.63999938964844,69.96499633789062,69.63999938964844,69.83000183105469,175791
2023-11-29 16:30:00+00:00,69.99500274658203,69.99500274658203,69.58000183105469,69.6500015258789,153060
2023-11-29 17:30:00+00:00,69.86000061035156,70.05999755859375,69.72000122070312,70.01000213623047,145731
2023-11-29 18:30:00+00:00,69.7300033569336,69.91500091552734,69.7300033569336,69.87999725341797,141929
2023-11-29 19:30:00+00:00,69.6050033569336,69.81999969482422,69.57499694824219,69.70999908447266,208575
2023-11-29 20:30:00+00:00,69.58999633789062,69.6500015258789,69.45999908447266,69.61000061035156,546976
2023-11-30 14:30:00+00:00,70.41999816894531,70.70999908447266,69.51000213623047,69.94000244140625,362610
2023-11-30 15:30:00+00:00,70.9800033569336,71.0999984741211,70.41000366210938,70.41999816894531,464096
2023-11-30 16:30:00+00:00,70.66999816894531,71.0,70.51000213623047,70.9800033569336,253844
2023-11-30 17:30:00+00:00,70.86000061035156,70.875,70.5999984741211,70.66999816894531,145207
2023-11-30 18:30:00+00:00,71.16999816894531,71.2699966430664,70.76000213623047,70.86000061035156,263243
2023-11-30 19:30:00+00:00,71.19100189208984,71.4000015258789,71.13999938964844,71.18000030517578,337590
2023-11-30 20:30:00+00:00,71.41000366210938,71.5199966430664,71.1500015258789,71.19000244140625,550541
2023-12-01 14:30:00+00:00,72.05999755859375,72.55000305175781,71.36000061035156,71.36000061035156,353256
2023-12-01 15:30:00+00:00,72.37999725341797,72.44999694824219,72.01000213623047,72.04000091552734,235026
2023-12-01 16:30:00+00:00,72.45500183105469,72.66500091552734,72.30000305175781,72.37999725341797,240747
2023-12-01 17:30:00+00:00,72.5199966430664,72.6500015258789,72.41000366210938,72.44999694824219,120021
2023-12-01 18:30:00+00:00,72.5,72.58000183105469,72.37999725341797,72.51499938964844,208088
2023-12-01 19:30:00+00:00,72.66999816894531,72.7300033569336,72.48100280761719,72.48999786376953,345687
2023-12-01 20:30:00+00:00,72.23999786376953,72.68000030517578,72.18000030517578,72.66999816894531,569575
2023-12-04 14:30:00+00:00,71.77999877929688,72.16000366210938,71.29000091552734,71.56999969482422,274679
2023-12-04 15:30:00+00:00,71.44000244140625,71.81999969482422,71.37000274658203,71.80000305175781,250411
2023-12-04 16:30:00+00:00,71.98999786376953,72.02999877929688,71.41500091552734,71.44000244140625,176450
2023-12-04 17:30:00+00:00,71.86499786376953,72.1500015258789,71.86000061035156,72.01260375976562,178185
2023-12-04 18:30:00+00:00,71.91000366210938,72.06500244140625,71.86499786376953,71.86499786376953,176910
2023-12-04 19:30:00+00:00,71.72000122070312,71.9800033569336,71.68000030517578,71.90499877929688,227099
2023-12-04 20:30:00+00:00,72.02999877929688,72.12000274658203,71.66000366210938,71.73500061035156,427282
2023-12-05 14:30:00+00:00,71.80000305175781,72.05000305175781,71.54000091552734,71.79000091552734,134194
2023-12-05 15:30:00+00:00,72.19000244140625,72.19999694824219,71.68000030517578,71.79000091552734,240805
2023-12-05 16:30:00+00:00,72.16999816894531,72.44000244140625,72.05000305175781,72.20999908447266,172356
2023-12-05 17:30:00+00:00,72.13999938964844,72.19499969482422,71.91000366210938,72.18000030517578,114745
2023-12-05 18:30:00+00:00,71.98999786376953,72.19000244140625,71.94000244140625,72.13999938964844,153174
2023-12-05 19:30:00+00:00,71.97000122070312,72.08000183105469,71.91000366210938,72.0,223372
2023-12-05 20:30:00+00:00,71.97000122070312,71.9800033569336,71.77999877929688,71.96499633789062,347493
2023-12-06 14:30:00+00:00,72.37000274658203,72.9800033569336,72.02999877929688,72.2699966430664,136068
2023-12-06 15:30:00+00:00,71.79000091552734,72.47000122070312,71.70999908447266,72.37999725341797,132045
2023-12-06 16:30:00+00:00,71.65499877929688,71.84500122070312,71.58999633789062,71.79000091552734,180426
2023-12-06 17:30:00+00:00,71.73999786376953,71.73999786376953,71.45999908447266,71.6500015258789,196513
2023-12-06 18:30:00+00:00,71.43499755859375,71.79000091552734,71.41999816894531,71.73999786376953,177856
2023-12-06 19:30:00+00:00,71.41999816894531,71.55999755859375,71.37999725341797,71.44999694824219,250104
2023-12-06 20:30:00+00:00,71.37999725341797,71.48999786376953,71.20999908447266,71.41000366210938,321954
2023-12-07 14:30:00+00:00,72.0199966430664,72.11499786376953,71.53500366210938,71.7300033569336,200178
2023-12-07 15:30:00+00:00,71.75499725341797,72.18000030517578,71.66000366210938,72.02999877929688,234844
2023-12-07 16:30:00+00:00,71.6322021484375,71.8949966430664,71.55000305175781,71.75,136719
2023-12-07 17:30:00+00:00,71.90499877929688,71.90499877929688,71.58000183105469,71.63999938964844,126534
2023-12-07 18:30:00+00:00,72.29000091552734,72.37999725341797,71.8949966430664,71.91000366210938,199598
2023-12-07 19:30:00+00:00,72.16500091552734,72.33000183105469,72.05999755859375,72.29499816894531,200181
2023-12-07 20:30:00+00:00,72.55000305175781,72.55999755859375,72.1500015258789,72.16500091552734,607253
2023-12-08 14:30:00+00:00,73.16000366210938,73.33000183105469,72.3949966430664,72.48999786376953,254533
2023-12-08 15:30:00+00:00,73.05000305175781,73.30000305175781,72.83999633789062,73.16999816894531,257164
2023-12-08 16:30:00+00:00,72.98500061035156,73.05999755859375,72.76499938964844,73.05500030517578,141069
2023-12-08 17:30:00+00:00,73.16500091552734,73.19000244140625,72.94000244140625,72.9800033569336,151563
2023-12-08 18:30:00+00:00,73.2300033569336,73.23999786376953,73.01499938964844,73.16999816894531,135287
2023-12-08 19:30:00+00:00,73.30999755859375,73.37000274658203,73.1500015258789,73.23999786376953,194648
2023-12-08 20:30:00+00:00,73.30000305175781,73.41999816894531,73.20500183105469,73.30000305175781,451961
2023-12-11 14:30:00+00:00,73.93000030517578,74.0199966430664,73.44999694824219,73.55490112304688,220416
2023-12-11 15:30:00+00:00,74.30999755859375,74.41000366210938,73.91000366210938,73.94000244140625,239087
2023-12-11 16:30:00+00:00,74.19000244140625,74.44000244140625,74.1500015258789,74.33000183105469,203782
2023-12-11 17:30:00+00:00,74.25,74.48999786376953,74.16500091552734,74.18000030517578,180347
2023-12-11 18:30:00+00:00,74.11499786376953,74.26000213623047,73.97000122070312,74.25499725341797,228784
2023-12-11 19:30:00+00:00,73.9000015258789,74.20500183105469,73.87999725341797,74.12000274658203,184093
2023-12-11 20:30:00+00:00,73.97000122070312,74.05000305175781,73.88999938964844,73.91000366210938,372350
2023-12-12 14:30:00+00:00,74.58999633789062,74.7300033569336,74.06610107421875,74.20999908447266,181887
2023-12-12 15:30:00+00:00,74.78500366210938,74.8499984741211,74.41999816894531,74.58000183105469,237179
2023-12-12 16:30:00+00:00,74.5999984741211,74.79000091552734,74.4000015258789,74.79000091552734,154526
2023-12-12 17:30:00+00:00,74.54000091552734,74.625,74.31999969482422,74.6050033569336,115391
2023-12-12 18:30:00+00:00,74.48999786376953,74.72000122070312,74.4800033569336,74.55000305175781,116525
2023-12-12 19:30:00+00:00,74.47750091552734,74.62999725341797,74.4749984741211,74.5,214490
2023-12-12 20:30:00+00:00,74.30999755859375,74.4800033569336,74.13999938964844,74.4749984741211,500615
2023-12-13 14:30:00+00:00,74.0999984741211,74.55999755859375,74.01000213623047,74.22000122070312,227124
2023-12-13 15:30:00+00:00,74.09500122070312,74.30500030517578,74.06500244140625,74.08000183105469,111502
2023-12-13 16:30:00+00:00,73.66000366210938,74.11000061035156,73.66000366210938,74.08000183105469,69625
2023-12-13 17:30:00+00:00,73.62000274658203,73.77999877929688,73.55999755859375,73.66500091552734,73037
2023-12-13 18:30:00+00:00,74.2300033569336,74.36000061035156,73.5199966430664,73.625,187870
2023-12-13 19:30:00+00:00,73.70999908447266,74.76000213623047,73.54100036621094,74.23999786376953,289752
2023-12-13 20:30:00+00:00,73.69999694824219,74.0199966430664,73.62999725341797,73.72000122070312,636017
2023-12-14 14:30:00+00:00,74.36000061035156,75.43000030517578,74.08999633789062,74.12999725341797,378885
2023-12-14 15:30:00+00:00,74.73750305175781,75.02999877929688,74.36499786376953,74.37999725341797,310823
2023-12-14 16:30:00+00:00,75.125,75.22000122070312,74.69499969482422,74.7300033569336,174856
2023-12-14 17:30:00+00:00,74.81999969482422,75.30999755859375,74.7699966430664,75.12999725341797,157967
2023-12-14 18:30:00+00:00,75.18499755859375,75.29000091552734,74.71499633789062,74.80999755859375,185464
2023-12-14 19:30:00+00:00,75.47000122070312,75.57340240478516,75.16500091552734,75.19000244140625,223886
2023-12-14 20:30:00+00:00,75.30999755859375,75.48999786376953,75.19999694824219,75.47000122070312,595219
2023-12-15 14:30:00+00:00,75.32499694824219,75.625,74.72000122070312,74.86000061035156,668102
2023-12-15 15:30:00+00:00,75.46499633789062,75.62000274658203,75.2750015258789,75.31999969482422,143363
2023-12-15 16:30:00+00:00,75.27999877929688,75.48999786376953,75.15499877929688,75.44999694824219,147151
2023-12-15 17:30:00+00:00,75.2750015258789,75.37000274658203,75.15499877929688,75.27999877929688,118769
2023-12-15 18:30:00+00:00,74.94000244140625,75.33000183105469,74.9000015258789,75.2750015258789,154424
2023-12-15 19:30:00+00:00,74.9800033569336,75.12000274658203,74.94999694824219,74.94999694824219,249230
2023-12-15 20:30:00+00:00,74.8499984741211,75.0999984741211,74.69999694824219,75.0,658197
2023-12-18 14:30:00+00:00,74.7750015258789,75.27749633789062,74.62999725341797,75.19000244140625,158018
2023-12-18 15:30:00+00:00,74.68000030517578,74.80999755859375,74.47000122070312,74.7750015258789,209293
2023-12-18 16:30:00+00:00,74.94999694824219,75.12000274658203,74.54000091552734,74.68000030517578,100334
2023-12-18 17:30:00+00:00,74.91000366210938,75.097900390625,74.7300033569336,74.97000122070312,126069
2023-12-18 18:30:00+00:00,74.82499694824219,74.9800033569336,74.72000122070312,74.88999938964844,207577
2023-12-18 19:30:00+00:00,75.17900085449219,75.2699966430664,74.74500274658203,74.83999633789062,150765
2023-12-18 20:30:00+00:00,74.81999969482422,75.20500183105469,74.80000305175781,75.16999816894531,382775
2023-12-19 14:30:00+00:00,75.44000244140625,75.52999877929688,74.83000183105469,75.12999725341797,138402
2023-12-19 15:30:00+00:00,75.41999816894531,75.57990264892578,75.31500244140625,75.41999816894531,138393
2023-12-19 16:30:00+00:00,75.51499938964844,75.69000244140625,75.30999755859375,75.41000366210938,138569
2023-12-19 17:30:00+00:00,75.55999755859375,75.77999877929688,75.48999786376953,75.51499938964844,242757
2023-12-19 18:30:00+00:00,76.11000061035156,76.12000274658203,75.62999725341797,75.62999725341797,287752
2023-12-19 19:30:00+00:00,76.29499816894531,76.30000305175781,75.95999908447266,76.11000061035156,301583
2023-12-19 20:30:00+00:00,76.33000183105469,76.4000015258789,76.1500015258789,76.30000305175781,481927
2023-12-20 14:30:00+00:00,76.73999786376953,76.75499725341797,75.69000244140625,76.0,385236
2023-12-20 15:30:00+00:00,76.61499786376953,76.80999755859375,76.51000213623047,76.75,371546
2023-12-20 16:30:00+00:00,76.62999725341797,76.80000305175781,76.48999786376953,76.62000274658203,123850
2023-12-20 17:30:00+00:00,76.33000183105469,76.73999786376953,76.25,76.62999725341797,187703
2023-12-20 18:30:00+00:00,76.08000183105469,76.36000061035156,75.94000244140625,76.33499908447266,81080
2023-12-20 19:30:00+00:00,75.16999816894531,76.05000305175781,75.0999984741211,76.04000091552734,176693
2023-12-20 20:30:00+00:00,74.9000015258789,75.41000366210938,74.83999633789062,75.16500091552734,233091
2023-12-21 14:30:00+00:00,75.22000122070312,75.83000183105469,75.20999908447266,75.63999938964844,123747
2023-12-21 15:30:00+00:00,75.42500305175781,75.44999694824219,75.05000305175781,75.25,97270
2023-12-21 16:30:00+00:00,75.1500015258789,75.50499725341797,75.06999969482422,75.41000366210938,102763
2023-12-21 17:30:00+00:00,75.41000366210938,75.41999816894531,75.0999984741211,75.13999938964844,121152
2023-12-21 18:30:00+00:00,75.50499725341797,75.58499908447266,75.30000305175781,75.44000244140625,86595
2023-12-21 19:30:00+00:00,75.73999786376953,75.73999786376953,75.29000091552734,75.5,287673
2023-12-21 20:30:00+00:00,75.7699966430664,75.86000061035156,75.66000366210938,75.75,285546
2023-12-22 14:30:00+00:00,76.66000366210938,76.68499755859375,75.91000366210938,76.08000183105469,173238
2023-12-22 15:30:00+00:00,76.56999969482422,76.76000213623047,76.27999877929688,76.66999816894531,133644
2023-12-22 16:30:00+00:00,76.6500015258789,76.6500015258789,76.38999938964844,76.58000183105469,64339
2023-12-22 17:30:00+00:00,76.81500244140625,76.86499786376953,76.56500244140625,76.65499877929688,146411
2023-12-22 18:30:00+00:00,76.33999633789062,76.86499786376953,76.30000305175781,76.81999969482422,196192
2023-12-22 19:30:00+00:00,76.5999984741211,76.68499755859375,76.29000091552734,76.33000183105469,127531
2023-12-22 20:30:00+00:00,76.4800033569336,76.62999725341797,76.41000366210938,76.58999633789062,255080
2023-12-26 14:30:00+00:00,76.62999725341797,76.875,76.45999908447266,76.48999786376953,83524
2023-12-26 15:30:00+00:00,76.70999908447266,76.80000305175781,76.58000183105469,76.62000274658203,62953
2023-12-26 16:30:00+00:00,77.05000305175781,77.06999969482422,76.70999908447266,76.71499633789062,475171
2023-12-26 17:30:00+00:00,77.0999984741211,77.19499969482422,76.9749984741211,77.02999877929688,43339
2023-12-26 18:30:00+00:00,77.27899932861328,77.30999755859375,77.06999969482422,77.12000274658203,69253
2023-12-26 19:30:00+00:00,77.3499984741211,77.41000366210938,77.19000244140625,77.2699966430664,91433
2023-12-26 20:30:00+00:00,77.4000015258789,77.43000030517578,77.20999908447266,77.31999969482422,269784
2023-12-27 14:30:00+00:00,77.44999694824219,77.75,77.2699966430664,77.4800033569336,99124
2023-12-27 15:30:00+00:00,77.5199966430664,77.62000274658203,77.23500061035156,77.44999694824219,167911
2023-12-27 16:30:00+00:00,77.66999816894531,77.74500274658203,77.5,77.5199966430664,100536
2023-12-27 17:30:00+00:00,77.67500305175781,77.86499786376953,77.4800033569336,77.67500305175781,98508
2023-12-27 18:30:00+00:00,77.62999725341797,77.75499725341797,77.4749984741211,77.66999816894531,170165
2023-12-27 19:30:00+00:00,77.59500122070312,77.68000030517578,77.48500061035156,77.62999725341797,184705
2023-12-27 20:30:00+00:00,77.87000274658203,77.87000274658203,77.43000030517578,77.58999633789062,357096
2023-12-28 14:30:00+00:00,78.02999877929688,78.16000366210938,77.69999694824219,77.91999816894531,145260
2023-12-28 15:30:00+00:00,77.90899658203125,78.08499908447266,77.80999755859375,78.04000091552734,110750
2023-12-28 16:30:00+00:00,77.87000274658203,78.0199966430664,77.83000183105469,77.88999938964844,63253
2023-12-28 17:30:00+00:00,77.88999938964844,78.05000305175781,77.75499725341797,77.88999938964844,61326
2023-12-28 18:30:00+00:00,77.91999816894531,77.95999908447266,77.83000183105469,77.88999938964844,123402
2023-12-28 19:30:00+00:00,77.94000244140625,78.04000091552734,77.86000061035156,77.92500305175781,102381
2023-12-28 20:30:00+00:00,77.80999755859375,77.98500061035156,77.68000030517578,77.94000244140625,258143
2023-12-29 14:30:00+00:00,77.61000061035156,78.0199966430664,77.55500030517578,77.93000030517578,128239
2023-12-29 15:30:00+00:00,77.41999816894531,77.68000030517578,77.37999725341797,77.61499786376953,85714
2023-12-29 16:30:00+00:00,77.30500030517578,77.54000091552734,77.27999877929688,77.41999816894531,74856
2023-12-29 17:30:00+00:00,77.47000122070312,77.62999725341797,77.31999969482422,77.33000183105469,124996
2023-12-29 18:30:00+00:00,77.6500015258789,77.70999908447266,77.47000122070312,77.47000122070312,92373
2023-12-29 19:30:00+00:00,77.80000305175781,77.83000183105469,77.63999938964844,77.66000366210938,121119
2023-12-29 20:30:00+00:00,77.33999633789062,77.83000183105469,77.27999877929688,77.79000091552734,480707
